Fundo;Dy12m;Cotação;PVP;Liq. Diaria;Valorização (12m);Tipo de Fundo;Gestão;Taxa de ADM;Valor Patrimonial;Segmento;QNT Imoveis;Vacancia;Prazo de Duração;Público-Alvo;Mandato;Ult. Rendimento;Dy5anos
GSFI11;0.0;7.83;0.55;1700000.0;58.2;FUNDO DE TIJOLO;PASSIVA;1,05% A.A SOBRE PATRIMÔNIO LÍQUIDO;1080000000.0;SHOPPINGS / VAREJO;10.0;100.0;INDETERMINADO;GERAL;RENDA;0.0;0
TJKB11;11.17;262.5;0.98;595.0;-70.37;FUNDO DE TIJOLO;ATIVA;0,45% A.A. SOBRE PATRIMÔNIO LÍQUIDO;202640000.0;LAJES CORPORATIVAS;6.0;100.0;INDETERMINADO;INVESTIDOR QUALIFICADO;RENDA;2.62;0
ATSA11;0.44;56.97;0.7;2410.0;-28.49;FUNDO DE TIJOLO;PASSIVA;0,50% A.A SOBRE VALOR DE MERCADO;143180000.0;SHOPPINGS / VAREJO;1.0;100.0;INDETERMINADO;GERAL;DESENVOLVIMENTO PARA RENDA;0.05;0
YUFI11;4.14;88.9;0.87;89.0;-15.91;FUNDO DE TIJOLO;ATIVA;0,10% A.A. SOBRE PATRIMÔNIO LÍQUIDO;50080000.0;OUTROS;30.0;100.0;INDETERMINADO;INVESTIDOR QUALIFICADO;RENDA;0.39;0
BRIM11;25.57;775.44;0.69;1000.0;-5.89;FUNDO DE DESENVOLVIMENTO;ATIVA;1,5% A.A;139260000.0;OUTROS;0.0;100.0;DETERMINADO;GERAL;HÍBRIDOS;35.73;0
SEED11;11.39;99.23;1.1;24800.0;11.11;OUTRO;ATIVA;;147740000.0;HÍBRIDO;0.0;100.0;DETERMINADO;INVESTIDOR QUALIFICADO;HÍBRIDOS;0.77;0
BTSG11;7.71;137.24;1.0;1320.0;52.68;FUNDO DE TIJOLO;ATIVA;0,20% A.A. SOBRE PATRIMÔNIO LÍQUIDO (MÍNIMO R$25.000,00 MENSAIS);106750000.0;HÍBRIDO;1.0;100.0;INDETERMINADO;GERAL;DESENVOLVIMENTO PARA RENDA;0.92;0
RBVO11;2.33;8.33;0.47;2100.0;-22.71;FUNDO DE PAPEL;ATIVA;0,75% A.A;9270000.0;OUTROS;0.0;100.0;DETERMINADO;GERAL;RENDA;0.03;0
CCME11;10.06;107.5;1.06;7650.0;16.87;FUNDO MISTO;ATIVA;;556110000.0;OUTROS;0.0;100.0;INDETERMINADO;INVESTIDOR QUALIFICADO;HÍBRIDOS;0.9;0
BLCA11;5.35;123.0;0.94;1610.0;50.82;FUNDO DE TIJOLO;ATIVA;1,15% A.A. SOBRE PATRIMÔNIO LÍQUIDO (MÍNIMO R$15.000,00 MENSAIS);217450000.0;LAJES CORPORATIVAS;1.0;100.0;INDETERMINADO;GERAL;HÍBRIDOS;0.57;0
ERPA11;6.48;120.0;0.87;86790.0;2.94;FUNDO DE TIJOLO;PASSIVA;0,17% A.A SOBRE PATRIMÔNIO LIQUIDO (MINIMO R$16.000,00 MENSAIS);68710000.0;LAJES CORPORATIVAS;10.0;100.0;INDETERMINADO;INVESTIDOR QUALIFICADO;RENDA;0.72;0
HBCR11;4.95;118.47;1.15;911300.0;13.38;FUNDO DE TIJOLO;ATIVA;0,18% A.A. SOBRE PATRIMÔNIO LÍQUIDO;115220000.0;LAJES CORPORATIVAS;4.0;100.0;INDETERMINADO;GERAL;DESENVOLVIMENTO PARA RENDA;0.53;0
TRNT11;4.0;125.57;0.64;53190.0;13.98;FUNDO DE TIJOLO;PASSIVA;1,50% SOBRE RENDIMENTO MENSAL (MÍNIMO R$10.000,00 MENSAIS);774150000.0;LAJES CORPORATIVAS;1.0;100.0;INDETERMINADO;GERAL;RENDA;0.42;0
BICE11;14.2;983.0;1.0;29000.0;17.55;FUNDO DE FUNDOS;ATIVA;1,25% A.A. SOBRE PATRIMÔNIO LÍQUIDO (MÍNIMO R$60.000,00 MENSAIS);89140000.0;TÍTULOS E VALORES MOBILIÁRIOS;0.0;100.0;DETERMINADO;INVESTIDOR QUALIFICADO;TÍTULOS E VALORES MOBILIÁRIOS;7.96;0
HUSI11;9.1;1151.12;1.03;3400.0;11.28;FUNDO DE TIJOLO;ATIVA;0,30% A.A. SOBRE PATRIMÔNIO LÍQUIDO;129420000.0;HOSPITALAR;0.0;100.0;INDETERMINADO;GERAL;DESENVOLVIMENTO PARA RENDA;8.41;0
CARE11;0.0;1.65;0.19;8200.0;-60.05;FUNDO DE TIJOLO;ATIVA;0;297090000.0;HÍBRIDO;1.0;0.0;INDETERMINADO;GERAL;TÍTULOS E VALORES MOBILIÁRIOS;0.01;0
CNES11;5.3;22.89;0.25;15200.0;-27.77;FUNDO DE TIJOLO;ATIVA;0,30% A.A SOBRE PATRIMÔNIO LIQUIDO (MINIMO R$30.000,00 MENSAIS);267660000.00000003;LAJES CORPORATIVAS;1.0;100.0;INDETERMINADO;GERAL;RENDA;0.06;0
BPRP11;11.44;94.06;0.86;3050.0;8.82;FUNDO DE TIJOLO;PASSIVA;0,25% A.A SOBRE PATRIMÔNIO LIQUIDO (MINIMO R$25.000,00 MENSAIS);147330000.0;LOGÍSTICO / INDÚSTRIA / GALPÕES;1.0;100.0;INDETERMINADO;INVESTIDOR QUALIFICADO;RENDA;0.9;0
TSER11;11.35;100.0;1.0;1200.0;7.22;FUNDO DE TIJOLO;ATIVA;1,00% A.A. SOBRE PATRIMÔNIO LÍQUIDO (R$25.000,00 MENSAIS);128880000.0;LAJES CORPORATIVAS;1.0;100.0;INDETERMINADO;GERAL;RENDA;0.89;0
BRLA11;9.06;146.57;0.94;195860.0;10.67;FUNDO DE TIJOLO;PASSIVA;0,20% A.A SOBRE PATRIMÔNIO LIQUIDO (MINIMO R$25.000,00 MENSAIS);499640000.0;HÍBRIDO;6.0;100.0;INDETERMINADO;INVESTIDOR QUALIFICADO;RENDA;1.43;0
KEVE11;0.46;1064.0;1.16;130200.0;11.89;FUNDO DE DESENVOLVIMENTO;PASSIVA;1,45% A.A SOBRE PATRIMÔNIO LIQUIDO;136040000.0;OUTROS;0.0;100.0;DETERMINADO;INVESTIDOR QUALIFICADO;DESENVOLVIMENTO PARA VENDA;19.57;0
CTXT11;0.0;12.34;0.4;2000.0;-10.87;FUNDO DE TIJOLO;PASSIVA;0,265% A.A SOBRE PATRIMÔNIO LIQUIDO (MINIMO R$26.819,99 MENSAIS);107320000.0;LAJES CORPORATIVAS;1.0;100.0;INDETERMINADO;GERAL;DESENVOLVIMENTO PARA RENDA;0.01;0
BLCP11;0.0;91.0;0.81;106030.0;14.97;FUNDO DE TIJOLO;ATIVA;0,95% A.A;256580000.0;OUTROS;2.0;100.0;INDETERMINADO;INVESTIDOR QUALIFICADO;RENDA;0.56;0
FMOF11;0.85;54.0;0.45;1500.0;-16.18;FUNDO DE TIJOLO;PASSIVA;5,0% DAS RECEITAS BRUTAS AUFERIDAS;60470000.0;LAJES CORPORATIVAS;1.0;100.0;INDETERMINADO;GERAL;RENDA;0.15;0
BLUR11;12.36;101.2;1.07;6750.0;11.63;FUNDO DE PAPEL;ATIVA;;8410000.0;OUTROS;0.0;100.0;INDETERMINADO;GERAL;HÍBRIDOS;1.03;0
HUCG11;5.74;87.0;0.87;8200.0;6.78;FUNDO DE TIJOLO;PASSIVA;;116270000.0;HOSPITALAR;2.0;100.0;INDETERMINADO;GERAL;DESENVOLVIMENTO PARA RENDA;0.2;0
SCPF11;5.52;4.98;0.42;3100.0;-13.36;FUNDO DE TIJOLO;ATIVA;4,0% A.A;49070000.0;SHOPPINGS / VAREJO;1.0;100.0;INDETERMINADO;GERAL;RENDA;0.02;0
BPML11;1.72;84.01;0.64;243900.0;28.48;FUNDO DE TIJOLO;ATIVA;1,0% A.A SOBRE O PATRIMÔNIO LÍQUIDO (MÍNIMO DE R$ 20.000,00 MENSAIS);569110000.0;SHOPPINGS / VAREJO;7.0;100.0;INDETERMINADO;GERAL;RENDA;0.27;0
HSRE11;7.18;104.0;1.11;1220000.0;11.38;FUNDO MISTO;ATIVA;0,90% A.A. SOBRE PATRIMÔNIO LÍQUIDO;831960000.0;HÍBRIDO;29.0;100.0;INDETERMINADO;GERAL;RENDA;0.6;0
HAAA11;8.9;55.06;0.68;7100.0;-33.42;FUNDO DE TIJOLO;ATIVA;0,60% A.A. SOBRE PATRIMÔNIO LÍQUIDO;279320000.0;LAJES CORPORATIVAS;2.0;100.0;INDETERMINADO;GERAL;RENDA;0.29;0
SHPH11;6.06;792.01;0.89;40600.0;6.58;FUNDO DE TIJOLO;PASSIVA;0,20% A.A SOBRE VALOR DE MERCADO;542430000.0;SHOPPINGS / VAREJO;1.0;100.0;INDETERMINADO;GERAL;RENDA;3.75;0
RBGS11;0.0;28.45;0.31;49900.0;0.0;FUNDO DE TIJOLO;PASSIVA;0,23% A.A;97870000.0;SHOPPINGS / VAREJO;1.0;100.0;INDETERMINADO;GERAL;RENDA;0.18;0
DRIT11B;8.86;84.99;0.63;1780.0;8.95;FUNDO DE TIJOLO;ATIVA;0,15% A.A SOBRE PATRIMÔNIO LÍQUIDO (MÍNIMO DE R$5.000,00 MENSAIS);61420000.0;LAJES CORPORATIVAS;6.0;100.0;INDETERMINADO;GERAL;DESENVOLVIMENTO PARA RENDA;0.35;0
RMAI11;5.78;55.0;0.54;95980.0;29.42;FUNDO DE TIJOLO;ATIVA;0,30% A.A. SOBRE PATRIMÔNIO LÍQUIDO;242380000.0;LAJES CORPORATIVAS;2.0;100.0;INDETERMINADO;GERAL;RENDA;0.26;0
ONEF11;5.9;200.32;0.87;36700.0;26.03;FUNDO DE TIJOLO;PASSIVA;0,25% A.A SOBRE PATRIMÔNIO LIQUIDO;209480000.0;LAJES CORPORATIVAS;1.0;100.0;INDETERMINADO;GERAL;RENDA;1.02;0
BICR11;16.68;65.01;0.92;1700.0;-30.23;FUNDO DE PAPEL;ATIVA;0,50% A.A;32880000.000000004;TÍTULOS E VALORES MOBILIÁRIOS;0.0;100.0;INDETERMINADO;GERAL;RENDA;0.73;0
RBRP11;6.14;53.05;0.64;1000000.0;-3.76;FUNDO DE TIJOLO;ATIVA;0,12% A.A;995760000.0;OUTROS;17.0;100.0;INDETERMINADO;GERAL;RENDA;0.25;0
RBIR11;4.76;86.39;0.84;56400.0;33.9;FUNDO DE DESENVOLVIMENTO;ATIVA;2,0% A.A;157380000.0;OUTROS;0.0;100.0;DETERMINADO;GERAL;DESENVOLVIMENTO PARA VENDA;2.02;0
RCRB11;5.92;152.14;0.73;878800.0;14.8;FUNDO DE TIJOLO;ATIVA;0,7% A.A SOBRE VALOR DE MERCADO (MINIMO R$25.000,00 MENSAIS);770550000.0;LAJES CORPORATIVAS;10.0;100.0;INDETERMINADO;GERAL;RENDA;0.78;0
EDGA11;6.13;22.06;0.36;34600.0;27.98;FUNDO DE TIJOLO;PASSIVA;0,20% A.A SOBRE VALOR TOTAL DE ATIVOS (MINIMO R$30.000,00 MENSAIS);233440000.0;LAJES CORPORATIVAS;1.0;100.0;INDETERMINADO;GERAL;RENDA;0.07;0
XPPR11;9.8;20.32;0.29;326800.0;-49.88;FUNDO DE TIJOLO;ATIVA;0.95;512070000.00000006;OUTROS;5.0;95.0;INDETERMINADO;GERAL;RENDA;0.1;0
CBOP11;10.6;30.02;0.41;49600.0;-43.1;FUNDO DE TIJOLO;PASSIVA;1.05% A.A. DO PATRIMÔNIO LÍQUIDO;104420000.0;LAJES CORPORATIVAS;1.0;100.0;INDETERMINADO;GERAL;RENDA;0.12;0
HGPO11;6.96;273.9;0.92;697400.0;14.5;FUNDO DE TIJOLO;PASSIVA;0,625% A.A;524200000.00000006;LAJES CORPORATIVAS;2.0;100.0;INDETERMINADO;GERAL;RENDA;1.5;0
RBLG11;10.56;102.0;1.0;1900.0;15.83;FUNDO DE TIJOLO;ATIVA;1,00% A.A SOBRE PATRIMÔNIO LÍQUIDO (MÍNIMO R$20.000,00 MENSAIS);65340000.0;LOGÍSTICO / INDÚSTRIA / GALPÕES;2.0;100.0;INDETERMINADO;INVESTIDOR QUALIFICADO;RENDA;0.95;0
WTSP11B;6.8;36.0;0.5;1900.0;-13.5;FUNDO DE TIJOLO;ATIVA;0,5% A.A SOBRE PATRIMÔNIO LIQUIDO (MINIMO R$50.000,00 MENSAIS);72080000.0;HÍBRIDO;1.0;100.0;INDETERMINADO;INVESTIDOR QUALIFICADO;RENDA;0.3;0
TRXB11;9.2;120.02;1.12;852.0;4.89;FUNDO DE DESENVOLVIMENTO;PASSIVA;1,0% A.A SOBRE PATRIMÔNIO LÍQUIDO;307460000.0;HÍBRIDO;11.0;100.0;DETERMINADO;GERAL;TÍTULOS E VALORES MOBILIÁRIOS;0.92;0
HPDP11;7.54;83.0;0.93;16600.0;13.16;FUNDO DE TIJOLO;PASSIVA;0,50% A.A SOBRE PATRIMÔNIO LIQUIDO;263310000.0;SHOPPINGS / VAREJO;1.0;100.0;INDETERMINADO;GERAL;RENDA;0.53;0
PLRI11;8.49;17.99;0.62;6000.0;-23.51;FUNDO DE PAPEL;ATIVA;1,00% A.A;27880000.0;TÍTULOS E VALORES MOBILIÁRIOS;0.0;100.0;INDETERMINADO;INVESTIDOR QUALIFICADO;TÍTULOS E VALORES MOBILIÁRIOS;0.15;0
DAMT11B;5.78;17.01;1.31;865.0;20.3;FUNDO DE TIJOLO;ATIVA;0,01% A.A;95210000.0;HÍBRIDO;1.0;100.0;DETERMINADO;INVESTIDOR QUALIFICADO;RENDA;0.07;0
JSRE11;7.77;72.72;0.65;2500000.0;-7.83;OUTRO;ATIVA;1% A.A. SOBRE VALOR DE MERCADO MÉDIO DO FUNDO;2340000000.0;HÍBRIDO;7.0;100.0;INDETERMINADO;GERAL;HÍBRIDOS;0.46;0
PVBI11;7.06;105.04;1.05;3800000.0;19.08;FUNDO DE TIJOLO;ATIVA;1,0% A.A SOBRE O PATRIMÔNIO LÍQUIDO (MÍNIMO DE R$ 20.000,00 MENSAIS);1310000000.0;LAJES CORPORATIVAS;4.0;100.0;INDETERMINADO;GERAL;RENDA;0.7;0
HBRH11;7.88;90.24;0.81;702900.0;1.31;FUNDO DE TIJOLO;ATIVA;0,86% A.A SOBRE PATRIMÔNIO LIQUIDO;310350000.0;HÍBRIDO;5.0;100.0;INDETERMINADO;GERAL;RENDA;0.52;0
KNRI11;7.53;157.84;0.99;3700000.0;14.23;FUNDO DE TIJOLO;ATIVA;1.25 A.A.;3850000000.0;HÍBRIDO;20.0;125.0;INDETERMINADO;GERAL;RENDA;1.0;0
HGRE11;8.05;127.15;0.83;2300000.0;-2.57;FUNDO DE TIJOLO;ATIVA;1,0% AO ANO SOBRE PATRIMÔNIO LÍQUIDO;1830000000.0;LAJES CORPORATIVAS;21.0;100.0;INDETERMINADO;GERAL;RENDA;0.78;0
IBFF11;0.0;8.86;0.6;162550.0;19.89;FUNDO DE FUNDOS;ATIVA;0,20% A.A;9860000.0;TÍTULOS E VALORES MOBILIÁRIOS;0.0;100.0;INDETERMINADO;GERAL;RENDA;14.79;0
BRCO11;7.59;123.43;1.02;2900000.0;22.44;FUNDO DE TIJOLO;ATIVA;0,0975% A.A SOBRE PATRIMÔNIO LIQUIDO;1790000000.0;LOGÍSTICO / INDÚSTRIA / GALPÕES;12.0;100.0;INDETERMINADO;GERAL;HÍBRIDOS;0.87;0
WPLZ11;9.32;60.7;0.69;286300.0;-17.11;FUNDO DE TIJOLO;PASSIVA;0,55% A.A;89590000.0;SHOPPINGS / VAREJO;1.0;100.0;INDETERMINADO;GERAL;RENDA;0.41;0
VILG11;7.88;102.6;0.93;2300000.0;2.17;FUNDO DE TIJOLO;ATIVA;0,95% A.A;1670000000.0;LOGÍSTICO / INDÚSTRIA / GALPÕES;16.0;100.0;INDETERMINADO;GERAL;RENDA;0.7;0
TMPS11;7.85;98.0;0.92;59750.0;6.29;OUTRO;ATIVA;0,90% A.A.;104690000.0;TÍTULOS E VALORES MOBILIÁRIOS;0.0;100.0;DETERMINADO;GERAL;TÍTULOS E VALORES MOBILIÁRIOS;0.8;0
XPID11;0.0;87.15;0.91;3500000.0;5.5;INDETERMINADO;0,95%;-;0.45;OUTRO;0.0;0.0;ATIVA;INVESTIDOR QUALIFICADO;FUNDO DE INFRAESTRUTURA (FI-INFRA);0.0;0
FLMA11;8.02;136.5;0.85;69120.0;13.5;FUNDO DE TIJOLO;ATIVA;2% DO RESULTADO A SER DISTRIBUÍDO AOS COTISTAS;221030000.0;HÍBRIDO;2.0;100.0;INDETERMINADO;GERAL;RENDA;1.05;0
HUSC11;9.4;112.02;0.77;5800.0;6.89;FUNDO DE TIJOLO;PASSIVA;0,35% A.A SOBRE PATRIMÔNIO LIQUIDO;119180000.0;OUTROS;1.0;100.0;INDETERMINADO;GERAL;DESENVOLVIMENTO PARA RENDA;0.92;0
VINO11;9.2;8.23;0.76;1200000.0;-10.73;FUNDO DE TIJOLO;ATIVA;1,20% A.A;894060000.0;LAJES CORPORATIVAS;10.0;100.0;INDETERMINADO;GERAL;RENDA;0.06;0
FLRP11;8.4;1920.0;1.07;19700.0;40.22;FUNDO DE TIJOLO;PASSIVA;9,0% A.M;118980000.0;SHOPPINGS / VAREJO;1.0;100.0;INDETERMINADO;GERAL;RENDA;13.5;0
FCFL11;8.91;114.09;1.0;182500.0;2.79;FUNDO DE TIJOLO;PASSIVA;0,30% A.A SOBRE VALOR TOTAL DOS ATIVOS (MINIMO R$30.000,00 MENSAIS);403740000.0;OUTROS;1.0;100.0;INDETERMINADO;GERAL;RENDA;0.85;0
TEPP11;7.28;90.47;0.96;1410000.0;18.47;FUNDO DE TIJOLO;ATIVA;1,17% A.A SOBRE PATRIMÔNIO LIQUIDO;401120000.0;LAJES CORPORATIVAS;5.0;100.0;INDETERMINADO;GERAL;RENDA;0.58;0
HOFC11;9.51;21.14;0.24;82500.0;-48.96;FUNDO DE TIJOLO;ATIVA;0,80% A.A.;336870000.0;LAJES CORPORATIVAS;4.0;100.0;INDETERMINADO;GERAL;RENDA;0.11;0
LVBI11;7.76;116.07;1.02;2900000.0;12.27;FUNDO DE TIJOLO;ATIVA;1,30% A.A SOBRE O PATRIMÔNIO LÍQUIDO;1400000000.0;LOGÍSTICO / INDÚSTRIA / GALPÕES;10.0;100.0;INDETERMINADO;GERAL;RENDA;0.79;0
HLOG11;8.63;90.3;0.78;70300.0;2.79;FUNDO DE TIJOLO;ATIVA;0,7% A.A SOBRE PATRIMÔNIO LÍQUIDO;490470000.0;LOGÍSTICO / INDÚSTRIA / GALPÕES;3.0;100.0;INDETERMINADO;GERAL;RENDA;0.65;0
HGBS11;7.98;228.47;1.02;7900000.0;19.3;FUNDO DE TIJOLO;ATIVA;0,60% A.A;2250000000.0;SHOPPINGS / VAREJO;17.0;100.0;INDETERMINADO;GERAL;RENDA;2.0;0
XPLG11;8.13;110.96;1.01;3500000.0;12.15;FUNDO DE TIJOLO;ATIVA;0,95% A.A SOBRE PATRIMÔNIO LIQUIDO (MINIMO R$25.000,00 MENSAIS);3000000000.0;LOGÍSTICO / INDÚSTRIA / GALPÕES;14.0;100.0;INDETERMINADO;GERAL;RENDA;0.78;0
ABCP11;8.52;67.35;0.74;66000.0;-2.0;FUNDO DE TIJOLO;PASSIVA;0.1;432470000.0;SHOPPINGS / VAREJO;1.0;1.0;INDETERMINADO;GERAL;RENDA;0.6;0
MALL11;8.27;115.5;0.96;2500000.0;15.45;FUNDO DE TIJOLO;ATIVA;0,5% A.A;1090000000.0;SHOPPINGS / VAREJO;8.0;100.0;INDETERMINADO;GERAL;RENDA;0.85;0
VISC11;8.49;117.38;1.02;8900000.0;14.44;FUNDO DE TIJOLO;ATIVA;1,35% A.A SOBRE PATRIMÔNIO LIQUIDO;2150000000.0;SHOPPINGS / VAREJO;20.0;100.0;INDETERMINADO;GERAL;RENDA;0.92;0
FIIB11;8.13;520.0;1.13;177300.0;16.74;FUNDO DE TIJOLO;PASSIVA;0;316180000.0;HÍBRIDO;2.0;0.0;INDETERMINADO;GERAL;HÍBRIDOS;3.75;0
LUGG11;8.0;86.5;0.7;102000.0;19.98;FUNDO DE TIJOLO;ATIVA;0,76% A.A SOBRE PATRIMÔNIO LÍQUIDO (MINIMO DE R$20.000,00 MENSAIS);139740000.0;OUTROS;4.0;100.0;INDETERMINADO;GERAL;RENDA;0.6;0
RBRS11;9.09;55.25;0.59;50500.0;-2.76;FUNDO DE TIJOLO;ATIVA;1,0% A.A SOBRE O PATRIMÔNIO LÍQUIDO (MÍNIMO DE R$ 35.000,00 MENSAIS);163510000.0;HÍBRIDO;3.0;100.0;INDETERMINADO;GERAL;RENDA;0.4;0
BTLG11;8.96;100.13;1.02;6700000.0;6.65;FUNDO DE TIJOLO;ATIVA;0,9% A.A. SOBRE O VALOR DE MERCADO;2800000000.0;LOGÍSTICO / INDÚSTRIA / GALPÕES;21.0;100.0;INDETERMINADO;GERAL;RENDA;0.76;0
HGLG11;9.23;159.06;1.04;14700000.0;4.02;FUNDO DE TIJOLO;ATIVA;0,6% A.A;5190000000.0;LOGÍSTICO / INDÚSTRIA / GALPÕES;19.0;100.0;INDETERMINADO;GERAL;RENDA;1.1;0
BRCR11;9.85;54.97;0.56;1700000.0;-10.07;FUNDO DE TIJOLO;ATIVA;0,25% A.A SOBRE PATRIMÔNIO LIQUIDO;2650000000.0;HÍBRIDO;15.0;100.0;INDETERMINADO;GERAL;RENDA;0.41;0
RBRL11;8.76;88.86;0.84;1800000.0;8.57;FUNDO DE TIJOLO;ATIVA;0,20% A.A SOBRE PATRIMÔNIO LIQUIDO (MINIMO R$20.000,00 MENSAIS);704370000.0;LOGÍSTICO / INDÚSTRIA / GALPÕES;6.0;100.0;INDETERMINADO;GERAL;HÍBRIDOS;0.72;0
LGCP11;8.76;84.7;0.87;589700.0;8.7;FUNDO DE TIJOLO;ATIVA;0,31% A.A. SOBRE O PL;345950000.0;LOGÍSTICO / INDÚSTRIA / GALPÕES;5.0;100.0;INDETERMINADO;GERAL;RENDA;0.64;0
ITIT11;9.15;75.9;0.88;171400.0;2.69;FUNDO DE FUNDOS;PASSIVA;0,30% A.A. SOBRE PATRIMÔNIO LÍQUIDO;78460000.0;TÍTULOS E VALORES MOBILIÁRIOS;0.0;100.0;INDETERMINADO;GERAL;RENDA;0.57;0
NVHO11;9.17;10.8;0.78;2500.0;18.78;FUNDO DE TIJOLO;ATIVA;0,10% A.A;581280000.0;HOSPITALAR;1.0;100.0;INDETERMINADO;INVESTIDOR QUALIFICADO;DESENVOLVIMENTO PARA RENDA;0.08;0
XPCM11;13.09;10.28;0.25;30800.0;-33.66;FUNDO DE TIJOLO;PASSIVA;0,80% A.A;99990000.0;LAJES CORPORATIVAS;1.0;100.0;INDETERMINADO;GERAL;RENDA;0.07;0
XPML11;9.4;111.06;0.99;14200000.0;19.13;FUNDO DE TIJOLO;ATIVA;0,55% A.A;3470000000.0;SHOPPINGS / VAREJO;16.0;100.0;INDETERMINADO;GERAL;RENDA;0.85;0
CPFF11;8.94;74.99;0.9;388600.0;11.51;FUNDO DE FUNDOS;ATIVA;0,15% A.A;211090000.0;HÍBRIDO;0.0;100.0;INDETERMINADO;GERAL;HÍBRIDOS;0.7;0
HGRU11;9.11;129.17;1.05;8500000.0;13.37;FUNDO DE TIJOLO;ATIVA;0,90% A.A SOBRE VALOR DE MERCADO DO FUNDO;2270000000.0;HÍBRIDO;89.0;100.0;INDETERMINADO;GERAL;RENDA;0.85;0
EDFO11B;10.95;190.04;1.05;7500.0;0.73;FUNDO DE TIJOLO;PASSIVA;0,30% A.A;42650000.0;LAJES CORPORATIVAS;1.0;100.0;INDETERMINADO;GERAL;RENDA;1.78;0
EURO11;9.11;249.0;0.76;32310.000000000004;23.06;FUNDO DE TIJOLO;PASSIVA;5,0% A.A;124900000.0;LOGÍSTICO / INDÚSTRIA / GALPÕES;6.0;100.0;INDETERMINADO;GERAL;HÍBRIDOS;1.88;0
EVBI11;9.5;96.5;0.98;202700.0;5.99;OUTRO;ATIVA;1,00% A.A SOBRE PATRIMÔNIO LÍQUIDO (MÍNIMO R$20.000,00 MENSAIS);211080000.0;HÍBRIDO;4.0;100.0;INDETERMINADO;GERAL;RENDA;0.75;0
SNID11;6.74;100.93;1.02;150000.0;7.74;INDETERMINADO;0,95% A.A;-;1.15;OUTRO;0.0;0.0;ATIVA;GERAL;FUNDO DE INFRAESTRUTURA (FI-INFRA);0.0;0
KNIP11;9.86;92.53;0.95;11410000.0;10.7;FUNDO DE PAPEL;ATIVA;1,00 % A.A;7820000000.0;TÍTULOS E VALORES MOBILIÁRIOS;0.0;100.0;INDETERMINADO;INVESTIDOR QUALIFICADO;TÍTULOS E VALORES MOBILIÁRIOS;0.6;0
FIGS11;8.61;61.15;0.8;176900.0;20.27;FUNDO DE TIJOLO;PASSIVA;0,20%A.A. S/ PATRIMÔNIO LÍQUIDO;217130000.0;SHOPPINGS / VAREJO;2.0;100.0;INDETERMINADO;GERAL;DESENVOLVIMENTO PARA VENDA;0.45;0
RBIF11;11.5;98.03;1.03;380180.0;11.2;INDETERMINADO;0,85% A.A.;-;0.89;OUTRO;0.0;0.0;ATIVA;GERAL;FUNDO DE INFRAESTRUTURA (FI-INFRA);0.0;0
CCRF11;10.4;90.25;0.91;632800.0;5.62;FUNDO DE PAPEL;ATIVA;1,00% A.A SOBRE PATRIMÔNIO LÍQUIDO;155500000.0;TÍTULOS E VALORES MOBILIÁRIOS;0.0;100.0;INDETERMINADO;GERAL;TÍTULOS E VALORES MOBILIÁRIOS;0.47;0
PQAG11;9.22;57.25;1.0;18100.0;15.42;FUNDO DE TIJOLO;ATIVA;0,2% A.A;799110000.0;LOGÍSTICO / INDÚSTRIA / GALPÕES;1.0;100.0;INDETERMINADO;GERAL;DESENVOLVIMENTO PARA RENDA;0.44;0
VVPR11;0.0;101.5;1.04;1250000.0;15.14;FUNDO DE TIJOLO;ATIVA;1,05% A.A. SOBRE O PATRIMÔNIO LÍQUIDO DO FUNDO;226030000.0;LAJES CORPORATIVAS;6.0;100.0;INDETERMINADO;GERAL;RENDA;0.89;0
HSLG11;9.55;90.35;0.87;944500.0;1.75;FUNDO DE TIJOLO;ATIVA;0,95% A.A SOBRE PATRIMÔNIO LIQUIDO OU VALOR DE MERCADO DO FUNDO;1320000000.0;LOGÍSTICO / INDÚSTRIA / GALPÕES;5.0;100.0;INDETERMINADO;GERAL;RENDA;0.74;0
SNFF11;9.79;87.85;0.95;297100.0;8.6;FUNDO DE FUNDOS;ATIVA;0,78% A.A;261600000.00000003;TÍTULOS E VALORES MOBILIÁRIOS;0.0;100.0;INDETERMINADO;GERAL;TÍTULOS E VALORES MOBILIÁRIOS;0.65;0
BCFF11;9.58;69.98;0.9;3000000.0;8.37;FUNDO DE FUNDOS;ATIVA;0,15% A.A SOBRE PATRIMÔNIO LÍQUIDO (MÍNIMO DE R$25.000,00 MENSAIS);1960000000.0;TÍTULOS E VALORES MOBILIÁRIOS;0.0;100.0;INDETERMINADO;GERAL;RENDA;0.56;0
CXRI11;8.47;80.97;0.87;39700.0;27.66;FUNDO DE FUNDOS;ATIVA;1,20% A.A SOBRE PATRIMÔNIO LIQUIDO DO FUNDO (MINIMO R$30.000,00 MENSAIS);144380000.0;HÍBRIDO;0.0;100.0;INDETERMINADO;GERAL;HÍBRIDOS;0.58;0
OULG11;11.13;38.74;0.58;137400.0;-4.46;FUNDO DE TIJOLO;ATIVA;1,00% A.A SOBRE PATRIMÔNIO LIQUIDO;168220000.0;LOGÍSTICO / INDÚSTRIA / GALPÕES;2.0;100.0;INDETERMINADO;GERAL;RENDA;0.42;0
LASC11;8.21;101.0;0.99;547200.0;25.15;FUNDO DE TIJOLO;ATIVA;1,10% A.A SOBRE PATRIMÔNIO LÍQUIDO (MINIMO R$105.000,00 MENSAIS);300290000.0;SHOPPINGS / VAREJO;3.0;100.0;INDETERMINADO;GERAL;DESENVOLVIMENTO PARA RENDA;0.57;0
TRXF11;9.96;107.75;1.05;7300000.0;9.29;FUNDO DE TIJOLO;ATIVA;1,00% A.A SOBRE PATRIMÔNIO LIQUIDO;1370000000.0;OUTROS;44.0;100.0;INDETERMINADO;GERAL;RENDA;0.9;0
HSML11;9.35;92.6;0.98;2720000.0;10.59;FUNDO DE TIJOLO;ATIVA;1,20% A.A;1490000000.0;SHOPPINGS / VAREJO;7.0;100.0;INDETERMINADO;GERAL;RENDA;0.74;0
PATL11;10.23;69.05;0.7;505900.0;-9.2;FUNDO DE TIJOLO;ATIVA;0,73%;492560000.0;LOGÍSTICO / INDÚSTRIA / GALPÕES;4.0;0.73;INDETERMINADO;GERAL;DESENVOLVIMENTO PARA RENDA;0.6;0
RCFF11;1.48;83.01;0.88;415.0;-15.02;FUNDO DE FUNDOS;ATIVA;0,20% A.A. SOBRE PATRIMÔNIO LÍQUIDO;30610000.0;TÍTULOS E VALORES MOBILIÁRIOS;0.0;100.0;DETERMINADO;INVESTIDOR QUALIFICADO;TÍTULOS E VALORES MOBILIÁRIOS;1.23;0
HGFF11;9.18;85.47;0.91;974800.0;18.63;FUNDO DE FUNDOS;ATIVA;0,80% A.A;269800000.0;TÍTULOS E VALORES MOBILIÁRIOS;0.0;100.0;INDETERMINADO;GERAL;TÍTULOS E VALORES MOBILIÁRIOS;0.7;0
XPIN11;9.77;84.62;0.83;562800.0;13.93;FUNDO DE TIJOLO;ATIVA;ENTRE 3,5% E 7,25% SOBRE O FATURAMENTO MENSAL (MÍNIMO DE R$ 25.000,00 POR MÊS);745460000.0;OUTROS;104.0;100.0;INDETERMINADO;GERAL;RENDA;0.65;0
FAMB11B;0.0;934.01;0.32;94680.0;17.77;FUNDO DE TIJOLO;PASSIVA;2,50% A.M SOBRE RECEITA OPERACIONAL;310610000.0;LAJES CORPORATIVAS;1.0;100.0;INDETERMINADO;GERAL;RENDA;9.16;0
RNGO11;11.19;44.07;0.5;128570.0;-3.55;FUNDO DE TIJOLO;PASSIVA;0,22% A.A SOBRE PATRIMÔNIO LIQUIDO;231960000.0;LAJES CORPORATIVAS;4.0;100.0;INDETERMINADO;GERAL;RENDA;0.36;0
FVPQ11;10.03;119.99;0.62;58420.0;9.68;FUNDO DE TIJOLO;PASSIVA;0,12% A.A;538140000.0;SHOPPINGS / VAREJO;1.0;100.0;INDETERMINADO;GERAL;RENDA;1.2;0
TRBL11;3.05;98.28;1.04;857100.0;4.71;FUNDO DE TIJOLO;ATIVA;0,84%;610380000.0;LOGÍSTICO / INDÚSTRIA / GALPÕES;0.0;0.84;INDETERMINADO;GERAL;RENDA;0.72;0
DPRO11;9.11;89.2;0.91;1710.0;-3.0;FUNDO DE TIJOLO;ATIVA;0,13% A.A;48830000.0;LOGÍSTICO / INDÚSTRIA / GALPÕES;0.0;100.0;INDETERMINADO;GERAL;HÍBRIDOS;0.6;0
SDIL11;7.71;96.09;0.99;708370.0;6.51;FUNDO DE TIJOLO;ATIVA;0,84% A.A;619900000.0;LOGÍSTICO / INDÚSTRIA / GALPÕES;5.0;100.0;INDETERMINADO;GERAL;RENDA;0.83;0
BTAL11;11.13;85.74;0.83;828400.0;-5.84;FUNDO DE TIJOLO;ATIVA;1,10% AO ANO SOBRE PL;621350000.0;OUTROS;9.0;100.0;INDETERMINADO;GERAL;RENDA;0.71;0
RBRD11;10.07;38.07;0.58;31400.0;5.85;FUNDO DE TIJOLO;PASSIVA;0,17% A.A.;122560000.0;HÍBRIDO;4.0;100.0;INDETERMINADO;GERAL;RENDA;0.34;0
MGFF11;9.91;63.52;0.87;1200000.0;8.03;FUNDO DE FUNDOS;ATIVA;0,20% A.A SOBRE PATRIMÔNIO LÍQUIDO (MÍNIMO DE R$23.000,00 MENSAIS);658250000.0;TÍTULOS E VALORES MOBILIÁRIOS;0.0;100.0;INDETERMINADO;GERAL;RENDA;0.52;0
MFAI11;10.07;61.43;0.84;25300.0;-3.29;FUNDO DE FUNDOS;ATIVA;1,0% A.A SOBRE PATRIMÔNIO LÍQUIDO;28130000.0;HÍBRIDO;0.0;100.0;INDETERMINADO;GERAL;HÍBRIDOS;0.5;0
HFOF11;10.09;74.55;0.9;2000000.0;3.6;FUNDO DE FUNDOS;ATIVA;"0,6% A.A. SOBRE (I) O PATRIMÔNIO LÍQUIDO DO FUNDO; OU (II) SOBRE O VALOR DE MERCADO DO FUNDO, DESDE QUE PASSE A INTEGRAR O IFIX.";1910000000.0;TÍTULOS E VALORES MOBILIÁRIOS;0.0;100.0;INDETERMINADO;GERAL;TÍTULOS E VALORES MOBILIÁRIOS;0.63;0
RBRF11;9.5;77.79;0.88;3100000.0;10.8;FUNDO DE FUNDOS;ATIVA;0,20% A.A SOBRE PATRIMÔNIO LÍQUIDO (MÍNIMO DE R$23.000,00 MENSAIS);1200000000.0;TÍTULOS E VALORES MOBILIÁRIOS;0.0;100.0;INDETERMINADO;GERAL;RENDA;0.55;0
BCIA11;9.55;99.58;0.9;738000.0;20.82;FUNDO DE FUNDOS;ATIVA;0,50% A.A;410100000.0;TÍTULOS E VALORES MOBILIÁRIOS;0.0;100.0;INDETERMINADO;GERAL;TÍTULOS E VALORES MOBILIÁRIOS;0.85;0
CRFF11;9.2;81.05;0.89;35400.0;15.34;FUNDO DE FUNDOS;ATIVA;1,15% A.A SOBRE PATRIMÔNIO LIQUIDO DO FUNDO (MINIMO R$30.000,00 MENSAIS);62660000.0;TÍTULOS E VALORES MOBILIÁRIOS;0.0;100.0;INDETERMINADO;GERAL;TÍTULOS E VALORES MOBILIÁRIOS;0.63;0
PQDP11;10.66;1950.0;0.63;120860.0;-3.92;FUNDO DE TIJOLO;PASSIVA;0,23% A.A;765550000.0;SHOPPINGS / VAREJO;1.0;100.0;INDETERMINADO;GERAL;RENDA;19.81;0
GGRC11;10.48;113.65;1.0;1200000.0;3.23;FUNDO DE TIJOLO;ATIVA;1,10% A.A.;1030000000.0;LOGÍSTICO / INDÚSTRIA / GALPÕES;20.0;100.0;INDETERMINADO;GERAL;HÍBRIDOS;0.95;0
NSLU11;9.79;187.37;0.94;103800.0;25.75;FUNDO DE TIJOLO;PASSIVA;2,50% SOBRE TOTAL DA RECEITA MENSAL (MINIMO R$18.000,00 MENSAIS);258150000.0;HOSPITALAR;1.0;100.0;INDETERMINADO;GERAL;RENDA;1.56;0
BTCI11;12.61;9.85;0.96;2380000.0;18.58;FUNDO DE PAPEL;ATIVA;0,95%;1020000000.0;TÍTULOS E VALORES MOBILIÁRIOS;0.0;0.95;INDETERMINADO;GERAL;TÍTULOS E VALORES MOBILIÁRIOS;0.1;0
VIFI11;9.77;8.08;0.86;174200.0;19.67;FUNDO DE FUNDOS;ATIVA;0,95% A.A SOBRE PATRIMÔNIO LIQUIDO;76190000.0;TÍTULOS E VALORES MOBILIÁRIOS;0.0;100.0;INDETERMINADO;GERAL;TÍTULOS E VALORES MOBILIÁRIOS;0.07;0
ZAVI11;10.74;127.23;0.93;527700.0;2.72;FUNDO MISTO;ATIVA;1,25% A.A.;158780000.0;HÍBRIDO;0.0;100.0;INDETERMINADO;GERAL;RENDA;1.16;0
FIIP11B;9.41;175.95;0.87;84200.0;23.85;FUNDO DE TIJOLO;PASSIVA;R$17.426,00 MENSAIS;188500000.0;HÍBRIDO;7.0;17426000000.0;INDETERMINADO;GERAL;RENDA;1.44;0
KFOF11;9.42;97.43;0.98;1400000.0;19.28;FUNDO DE FUNDOS;ATIVA;0,92% A.A SOBRE PATRIMÔNIO LIQUIDO;447680000.0;TÍTULOS E VALORES MOBILIÁRIOS;0.0;100.0;INDETERMINADO;GERAL;TÍTULOS E VALORES MOBILIÁRIOS;0.8;0
NCRI11;10.98;8.71;0.85;1650.0;-4.06;FUNDO DE PAPEL;ATIVA;;40510000.0;TÍTULOS E VALORES MOBILIÁRIOS;0.0;100.0;INDETERMINADO;GERAL;TÍTULOS E VALORES MOBILIÁRIOS;0.07;0
MORE11;9.81;73.7;0.85;427700.0;12.5;FUNDO DE FUNDOS;ATIVA;0,6% A.A;202650000.0;TÍTULOS E VALORES MOBILIÁRIOS;0.0;100.0;INDETERMINADO;GERAL;RENDA;0.65;0
FATN11;10.82;92.95;0.94;373500.0;10.4;FUNDO DE TIJOLO;ATIVA;0,80% A.A SOBRE PATRIMÔNIO LIQUIDO (MINIMO R$18.000,00 MENSAIS);126510000.0;HÍBRIDO;25.0;100.0;INDETERMINADO;GERAL;RENDA;0.85;0
VCJR11;11.07;91.76;0.95;2000000.0;14.32;FUNDO DE PAPEL;ATIVA;1,60% A.A SOBRE PATRIMÔNIO LIQUIDO;1420000000.0;TÍTULOS E VALORES MOBILIÁRIOS;0.0;100.0;INDETERMINADO;GERAL;TÍTULOS E VALORES MOBILIÁRIOS;0.65;0
RECT11;13.08;43.9;0.47;481800.0;-19.94;OUTRO;ATIVA;0,17% A.A;790620000.0;HÍBRIDO;9.0;100.0;INDETERMINADO;GERAL;RENDA;0.4;0
VCRR11;11.11;73.86;0.58;185940.0;5.72;FUNDO DE TIJOLO;ATIVA;0,80% A.A SOBRE PATRIMÔNIO LIQUIDO (MINIMO R$35.000,00 MENSAIS);256340000.0;OUTROS;0.0;100.0;INDETERMINADO;GERAL;RENDA;0.69;0
BREV11;7.15;105.0;0.89;187900.0;11.86;FUNDO DE TIJOLO;ATIVA;1% A.A SOBRE PATRIMÔNIO LIQUIDO;113860000.0;HÍBRIDO;13.0;100.0;INDETERMINADO;GERAL;RENDA;0.58;0
HGIC11;11.67;105.0;0.52;24000.0;10.14;FUNDO DE PAPEL;ATIVA;0,75% A.A;93360000.0;TÍTULOS E VALORES MOBILIÁRIOS;0.0;100.0;INDETERMINADO;GERAL;TÍTULOS E VALORES MOBILIÁRIOS;1.06;0
KISU11;10.77;8.32;0.91;731100.0;5.99;FUNDO DE FUNDOS;ATIVA;0,65% A.A SOBRE PATRIMÔNIO LIQUIDO (MINIMO R$15.000,00 MENSAIS);403670000.0;TÍTULOS E VALORES MOBILIÁRIOS;0.0;100.0;INDETERMINADO;GERAL;TÍTULOS E VALORES MOBILIÁRIOS;0.08;0
MAXR11;10.71;74.37;0.6;143590.0;-0.36;FUNDO DE TIJOLO;ATIVA;0,15% A.A;138880000.0;OUTROS;10.0;100.0;INDETERMINADO;GERAL;RENDA;0.73;0
GALG11;10.76;9.2;1.0;948400.0;5.77;FUNDO DE TIJOLO;ATIVA;0,95% - 1,01% A.A SOBRE PL (MÍNIMO R$40.000,00 MENSAIS);525630000.0;HÍBRIDO;5.0;100.0;INDETERMINADO;GERAL;HÍBRIDOS;0.08;0
KDIF11;10.36;134.96;1.02;2540000.0;15.79;INDETERMINADO;1,11%;-;1.0;OUTRO;0.0;0.0;ATIVA;GERAL;FUNDO DE INFRAESTRUTURA (FI-INFRA);0.0;0
VTLT11;10.88;96.99;0.95;197400.0;8.17;FUNDO DE TIJOLO;ATIVA;0,95% A.A;214000000.0;LOGÍSTICO / INDÚSTRIA / GALPÕES;1.0;100.0;INDETERMINADO;GERAL;RENDA;0.88;0
VSLH11;21.52;3.14;0.3;320700.0;-61.27;FUNDO DE PAPEL;ATIVA;DE 1,00% A.A ATÉ 0,80% A.A (MÍNIMO R$17.000,00 MENSAIS);309410000.0;OUTROS;0.0;100.0;INDETERMINADO;GERAL;TÍTULOS E VALORES MOBILIÁRIOS;0.03;0
VSHO11;10.31;78.36;0.77;165300.0;12.92;FUNDO DE TIJOLO;ATIVA;0,75% A.A;212210000.0;SHOPPINGS / VAREJO;3.0;100.0;INDETERMINADO;GERAL;RENDA;0.74;0
RBFF11;10.07;60.0;0.87;475500.0;15.27;FUNDO DE FUNDOS;ATIVA;0,8% A.A SOBRE O PATRIMÔNIO LÍQUIDO DO FUNDO;259540000.00000003;TÍTULOS E VALORES MOBILIÁRIOS;0.0;100.0;INDETERMINADO;GERAL;TÍTULOS E VALORES MOBILIÁRIOS;0.51;0
KCRE11;11.36;94.16;0.92;473400.0;13.96;FUNDO DE PAPEL;ATIVA;;365940000.0;OUTROS;0.0;100.0;INDETERMINADO;GERAL;RENDA;0.57;0
JFLL11;10.11;73.34;0.73;107300.0;15.32;FUNDO DE TIJOLO;ATIVA;1,15% A.A SOBRE PATRIMÔNIO LIQUIDO DO FUNDO (MINIMO R$30.000,00 MENSAIS);151500000.0;OUTROS;2.0;100.0;INDETERMINADO;GERAL;RENDA;0.62;0
QAGR11;10.63;48.34;0.84;466900.0;15.57;FUNDO DE TIJOLO;ATIVA;0,25% SOBRE O PATRIMÔNIO LÍQUIDO;290860000.0;OUTROS;12.0;100.0;INDETERMINADO;GERAL;RENDA;0.43;0
BLMR11;11.17;6.8;0.88;405000.0;-5.14;FUNDO DE FUNDOS;ATIVA;1,00% A.A SOBRE O PATRIMÔNIO LÍQUIDO (MÍNIMO DE R$ 15.000,00 MENSAIS);198790000.0;TÍTULOS E VALORES MOBILIÁRIOS;0.0;100.0;DETERMINADO;GERAL;TÍTULOS E VALORES MOBILIÁRIOS;0.05;0
GCFF11;6.32;69.3;0.88;45490.0;9.5;FUNDO DE FUNDOS;ATIVA;1,00% A.A;26690000.0;TÍTULOS E VALORES MOBILIÁRIOS;0.0;100.0;INDETERMINADO;GERAL;RENDA;0.75;0
SARE11;14.57;47.95;0.51;1600000.0;-29.93;FUNDO MISTO;ATIVA;1,25% A.A;872360000.0;HÍBRIDO;3.0;100.0;INDETERMINADO;GERAL;RENDA;0.45;0
BPFF11;10.81;68.75;0.88;357600.0;9.9;FUNDO DE FUNDOS;ATIVA;0,4% A.A SOBRE PATRIMÔNIO LIQUIDO;351300000.0;TÍTULOS E VALORES MOBILIÁRIOS;0.0;100.0;INDETERMINADO;GERAL;HÍBRIDOS;0.62;0
KNSC11;11.54;88.03;0.98;2600000.0;16.58;FUNDO DE PAPEL;ATIVA;1,20% A.A SOBRE PATRIMÔNIO LIQUIDO;1200000000.0;TÍTULOS E VALORES MOBILIÁRIOS;0.0;100.0;INDETERMINADO;GERAL;RENDA;0.75;0
CORM11;0.0;81.0;0.89;1740.0;-11.91;FUNDO DE TIJOLO;ATIVA;1,20% A.A. SOBRE PATRIMÔNIO LÍQUIDO (MÍNIMO R$25.000,00 MENSAIS);92120000.0;HÍBRIDO;0.0;100.0;INDETERMINADO;GERAL;HÍBRIDOS;0.77;0
BTRA11;14.53;64.95;0.52;590800.0;-20.17;OUTRO;ATIVA;1,22% A.A SOBRE PATRIMÔNIO LIQUIDO (MÍNIMO R$5.000,00 MENSAIS);421960000.0;FIAGROS;6.0;100.0;INDETERMINADO;GERAL;RENDA;0.56;0
CPTS11;10.83;8.05;0.9;12110000.0;-0.98;FUNDO DE PAPEL;ATIVA;1,05% A.A SOBRE PATRIMÔNIO LÍQUIDO (MINIMO R$30.000,00 MENSAIS);2860000000.0;TÍTULOS E VALORES MOBILIÁRIOS;0.0;100.0;INDETERMINADO;GERAL;TÍTULOS E VALORES MOBILIÁRIOS;0.05;0
VIUR11;11.08;7.83;0.86;353500.0;7.88;FUNDO DE TIJOLO;ATIVA;0,85% A.A SOBRE PATRIMÔNIO LIQUIDO;244040000.0;TÍTULOS E VALORES MOBILIÁRIOS;6.0;100.0;INDETERMINADO;GERAL;RENDA;0.07;0
TORD11;11.32;2.12;0.17;218900.0;-72.89;OUTRO;ATIVA;1,50% A.A SOBRE PATRIMÔNIO LÍQUIDO;443080000.0;OUTROS;0.0;100.0;INDETERMINADO;GERAL;HÍBRIDOS;0.05;0
FEXC11;3.29;83.5;0.91;735710.0;-1.02;FUNDO DE PAPEL;ATIVA;0,95% AO ANO SOBRE PL OU VALOR DE MERCADO;560710000.0;TÍTULOS E VALORES MOBILIÁRIOS;0.0;100.0;INDETERMINADO;GERAL;RENDA;0.95;0
ASMT11;3.29;46.81;0.53;3310.0;-41.74;FUNDO DE TIJOLO;ATIVA;;90120000.0;HÍBRIDO;3.0;100.0;INDETERMINADO;GERAL;HÍBRIDOS;0.77;0
MGCR11;10.99;9.4;0.96;259100.00000000003;13.25;FUNDO DE PAPEL;ATIVA;0,20% A.A. SOBRE O VALOR PATRIMONIAL DO FUNDO;131240000.0;TÍTULOS E VALORES MOBILIÁRIOS;0.0;100.0;INDETERMINADO;GERAL;TÍTULOS E VALORES MOBILIÁRIOS;0.1;0
KNHF11;1.78;104.61;1.01;933000.0;3.4;FUNDO MISTO;ATIVA;1,2% A.A;1000000000.0;HÍBRIDO;0.0;100.0;INDETERMINADO;GERAL;RENDA;0.84;0
SNLG11;6.11;28.6;0.83;41250.0;-27.16;FUNDO DE TIJOLO;ATIVA;1%;65480000.00000001;LOGÍSTICO / INDÚSTRIA / GALPÕES;0.0;1.0;INDETERMINADO;GERAL;RENDA;0.35;0
CXAG11;11.44;79.83;0.69;106800.0;10.93;FUNDO DE TIJOLO;PASSIVA;0,58% A.A. SOBRE PATRIMÔNIO LÍQUIDO;241780000.0;AGÊNCIAS BANCÁRIAS;32.0;100.0;INDETERMINADO;GERAL;RENDA;0.71;0
BIDB11;11.95;87.2;0.93;200000.0;20.37;INDETERMINADO;0,80% A.A.;-;0.67;OUTRO;0.0;0.0;ATIVA;GERAL;FUNDO DE INFRAESTRUTURA (FI-INFRA);0.0;0
NEWL11;11.09;107.81;0.79;741000.0;20.14;FUNDO DE TIJOLO;ATIVA;0,95% A.A;278320000.0;HÍBRIDO;3.0;100.0;INDETERMINADO;GERAL;HÍBRIDOS;0.95;0
GLOG11;12.79;63.03;0.61;75100.0;-8.95;FUNDO DE TIJOLO;ATIVA;0,7%;80110000.0;LOGÍSTICO / INDÚSTRIA / GALPÕES;0.0;0.7;INDETERMINADO;GERAL;RENDA;0.63;0
VGIP11;11.46;87.79;0.94;1900000.0;13.29;FUNDO DE PAPEL;ATIVA;1% A.A SOBRE PATRIMÔNIO LIQUIDO (MINIMO R$25.000,00 MENSAIS);1100000000.0;OUTROS;0.0;100.0;INDETERMINADO;GERAL;RENDA;0.8;0
RBRR11;11.3;87.46;0.95;3500000.0;8.92;FUNDO DE PAPEL;ATIVA;0,2% A.A. SOBRE O PATRIMÔNIO LÍQ. DO FUNDO;1260000000.0;TÍTULOS E VALORES MOBILIÁRIOS;0.0;100.0;INDETERMINADO;GERAL;RENDA;0.65;0
RECX11;10.61;68.25;0.9;12270.0;2.64;FUNDO DE FUNDOS;ATIVA;0,95% A.A SOBRE PATRIMÔNIO LIQUIDO (MINIMO R$15.000,00 MENSAIS);16570000.0;OUTROS;0.0;100.0;INDETERMINADO;GERAL;TÍTULOS E VALORES MOBILIÁRIOS;0.36;0
MGLG11;3.42;40.99;0.67;20010.0;-1.94;FUNDO DE TIJOLO;ATIVA;1,00% A.A SOBRE PATRIMÔNIO LÍQUIDO;116230000.0;LOGÍSTICO / INDÚSTRIA / GALPÕES;3.0;100.0;INDETERMINADO;GERAL;RENDA;0.35;0
GTWR11;11.65;79.96;0.85;1200000.0;6.06;FUNDO DE TIJOLO;ATIVA;0,25%A.A. SOBRE PATRIMÔNIO LÍQUIDO OU VALOR DE MERCADO DO FUNDO SE O FUNDO FIZER PARTE DE ÍNDICE DE MERCADO (IFIX);1140000000.0;LAJES CORPORATIVAS;3.0;100.0;INDETERMINADO;GERAL;RENDA;0.79;0
RFOF11;11.57;75.38;0.9;67750.0;8.38;FUNDO DE FUNDOS;ATIVA;0,80% A.A;89370000.0;TÍTULOS E VALORES MOBILIÁRIOS;0.0;100.0;INDETERMINADO;GERAL;TÍTULOS E VALORES MOBILIÁRIOS;0.75;0
BBFO11;11.04;73.0;0.88;409000.0;9.71;FUNDO DE FUNDOS;PASSIVA;0,50% A.A SOBRE PATRIMÔNIO LIQUIDO;333350000.0;TÍTULOS E VALORES MOBILIÁRIOS;0.0;100.0;INDETERMINADO;GERAL;TÍTULOS E VALORES MOBILIÁRIOS;0.61;0
RVBI11;11.04;82.71;0.93;260510.0;15.65;FUNDO DE FUNDOS;ATIVA;0,15% A.A SOBRE PATRIMÔNIO LÍQUIDO (MÍNIMO DE R$20.000,00 MENSAIS);125790000.0;TÍTULOS E VALORES MOBILIÁRIOS;0.0;100.0;INDETERMINADO;GERAL;RENDA;0.75;0
IRDM11;12.94;78.5;0.9;5200000.0;-10.88;FUNDO DE PAPEL;ATIVA;0,17% A.A;3170000000.0;TÍTULOS E VALORES MOBILIÁRIOS;0.0;100.0;INDETERMINADO;GERAL;RENDA;0.8;0
BMLC11;11.79;103.0;0.93;37300.0;15.28;FUNDO DE TIJOLO;PASSIVA;0,20% A.A;110580000.0;LAJES CORPORATIVAS;2.0;100.0;INDETERMINADO;GERAL;RENDA;0.76;0
HCTR11;24.67;32.4;0.28;3600000.0;-64.96;FUNDO DE PAPEL;ATIVA;0,21% A.A PL;2490000000.0;OUTROS;0.0;100.0;INDETERMINADO;GERAL;HÍBRIDOS;0.27;0
KNHY11;11.9;101.91;1.01;2100000.0;20.75;FUNDO DE PAPEL;ATIVA;1,60% A.A;1880000000.0;TÍTULOS E VALORES MOBILIÁRIOS;0.0;100.0;INDETERMINADO;INVESTIDOR QUALIFICADO;TÍTULOS E VALORES MOBILIÁRIOS;0.9;0
IFRA11;11.65;103.7;0.99;1320000.0;11.55;INDETERMINADO;0,85%;-;1.08;OUTRO;0.0;0.0;ATIVA;GERAL;FUNDO DE INFRAESTRUTURA (FI-INFRA);0.0;0
RBED11;11.08;139.66;0.98;659700.0;17.48;FUNDO DE TIJOLO;ATIVA;0,37% A.A;338810000.0;OUTROS;7.0;100.0;INDETERMINADO;GERAL;DESENVOLVIMENTO PARA RENDA;1.43;0
BBPO11;11.22;96.75;0.98;1800000.0;19.62;FUNDO DE TIJOLO;PASSIVA;0.28;1580000000.0;AGÊNCIAS BANCÁRIAS;64.0;28.0;INDETERMINADO;GERAL;RENDA;0.9;0
BIME11;12.48;7.33;0.85;62200.0;-9.01;OUTRO;ATIVA;1,50% A.A. SOBRE PATRIMÔNIO LÍQUIDO (MÍNIMO R$25.000,00 MENSAIS);50680000.0;HÍBRIDO;2.0;100.0;INDETERMINADO;GERAL;RENDA;0.08;0
CXCE11B;12.14;40.25;0.62;31800.0;12.0;FUNDO DE TIJOLO;PASSIVA;5,0% A.M SOBRE TOTAL DE RECEITAS DO FUNDO (MINIMO R$45.000,00 MENSAIS);111850000.0;LAJES CORPORATIVAS;1.0;100.0;INDETERMINADO;GERAL;RENDA;0.38;0
BCRI11;14.81;68.2;0.71;561400.0;-25.27;FUNDO DE PAPEL;ATIVA;1;603610000.0;TÍTULOS E VALORES MOBILIÁRIOS;0.0;1.0;INDETERMINADO;GERAL;TÍTULOS E VALORES MOBILIÁRIOS;0.7;0
RZTR11;11.16;100.25;1.0;2300000.0;10.61;OUTRO;ATIVA;1,25% A.A SOBRE PATRIMÔNIO LIQUIDO;1120000000.0;HÍBRIDO;14.0;100.0;INDETERMINADO;GERAL;RENDA;1.1;0
XPSF11;11.19;8.2;0.93;531700.0;19.77;FUNDO DE FUNDOS;ATIVA;1% A.A SOBRE PATRIMÔNIO LIQUIDO (MINIMO R$25.000,00 MENSAIS);379790000.0;OUTROS;0.0;100.0;INDETERMINADO;GERAL;RENDA;0.08;0
VRTA11;12.06;87.97;0.95;2500000.0;5.33;FUNDO DE PAPEL;ATIVA;1,0% A.A SOBRE O PATRIMÔNIO LÍQUIDO (MÍNIMO DE R$ 25.000,00 MENSAIS);1450000000.0;TÍTULOS E VALORES MOBILIÁRIOS;0.0;100.0;INDETERMINADO;GERAL;TÍTULOS E VALORES MOBILIÁRIOS;0.7;0
DVFF11;11.16;82.9;0.85;106000.0;22.08;FUNDO DE FUNDOS;ATIVA;0,15% A.A. SOBRE O PATRIMÔNIO LÍQUIDO (MÍNIMO R$15.000,00 MENSAIS);105180000.0;HÍBRIDO;0.0;100.0;INDETERMINADO;GERAL;TÍTULOS E VALORES MOBILIÁRIOS;0.8;0
PLOG11;7.72;66.71;0.63;64739.99999999999;-10.3;FUNDO DE TIJOLO;ATIVA;0,7% A.A SOBRE PATRIMÔNIO LÍQUIDO (MINIMO R$44.322,87 MENSAIS);79770000.0;LOGÍSTICO / INDÚSTRIA / GALPÕES;1.0;100.0;INDETERMINADO;GERAL;RENDA;0.7;0
RECR11;12.29;84.85;0.89;6700000.0;10.48;FUNDO DE PAPEL;ATIVA;0,20%;2520000000.0;TÍTULOS E VALORES MOBILIÁRIOS;0.0;0.2;INDETERMINADO;GERAL;RENDA;0.75;0
RELG11;6.41;51.23;0.41;79930.0;-33.88;FUNDO DE TIJOLO;ATIVA;0,175% A.A SOBRE PATRIMÔNIO LÍQUIDO (MÍNIMO R$15.000,00 MENSAIS);165590000.0;HÍBRIDO;5.0;100.0;INDETERMINADO;GERAL;HÍBRIDOS;0.7;0
RZAT11;12.72;87.17;0.87;673900.0;-2.22;FUNDO DE TIJOLO;ATIVA;1,00% A.A;370700000.0;HÍBRIDO;9.0;100.0;INDETERMINADO;GERAL;RENDA;0.79;0
CVBI11;12.45;90.67;0.95;2100000.0;16.01;FUNDO DE PAPEL;ATIVA;0,90% A.A. SOBRE O PATRIMÔNIO LÍQUIDO DO FUNDO;1050000000.0;TÍTULOS E VALORES MOBILIÁRIOS;0.0;100.0;INDETERMINADO;GERAL;TÍTULOS E VALORES MOBILIÁRIOS;0.7;0
MATV11;4.62;86.63;0.95;19640.0;-5.59;OUTRO;ATIVA;1,05% A.A. (MÍNIMO R$25.000,00 MENSAIS);38730000.0;TÍTULOS E VALORES MOBILIÁRIOS;0.0;100.0;INDETERMINADO;INVESTIDOR QUALIFICADO;TÍTULOS E VALORES MOBILIÁRIOS;0.6;0
SPTW11;12.39;41.1;0.74;91000.0;8.0;FUNDO DE TIJOLO;PASSIVA;0,25% A.A. SOBRE O VALOR DE MERCADO;100680000.0;LAJES CORPORATIVAS;1.0;100.0;INDETERMINADO;GERAL;RENDA;0.46;0
RBVA11;10.77;110.9;1.03;846000.0;29.4;FUNDO DE TIJOLO;ATIVA;0,35% A.A;1250000000.0;OUTROS;79.0;100.0;INDETERMINADO;GERAL;DESENVOLVIMENTO PARA RENDA;1.0;0
BARI11;12.53;80.91;0.85;950100.0;-3.19;FUNDO DE PAPEL;ATIVA;1,305% A.A SOBRE PATRIMÔNIO LIQUIDO DO FUNDO (MINIMO R$16.500,00 MENSAIS);444060000.0;TÍTULOS E VALORES MOBILIÁRIOS;0.0;100.0;INDETERMINADO;GERAL;TÍTULOS E VALORES MOBILIÁRIOS;0.45;0
BBRC11;11.07;114.8;1.06;82400.0;27.91;FUNDO DE TIJOLO;PASSIVA;0,60% A.A;170340000.0;OUTROS;20.0;100.0;INDETERMINADO;GERAL;DESENVOLVIMENTO PARA RENDA;1.13;0
IRIM11;13.02;84.97;0.89;90800.0;-5.7;FUNDO DE PAPEL;ATIVA;1,03% A.A. SOBRE PATRIMÔNIO LÍQUIDO;181910000.0;HÍBRIDO;0.0;100.0;INDETERMINADO;GERAL;HÍBRIDOS;0.78;0
FAED11;12.01;155.96;0.71;72400.0;13.03;FUNDO DE TIJOLO;PASSIVA;0.3 A.A.;139760000.0;OUTROS;3.0;3.0;INDETERMINADO;GERAL;RENDA;1.5;0
XPCI11;11.89;87.96;0.95;2200000.0;14.49;FUNDO DE PAPEL;ATIVA;1,00% A.A SOBRE PATRIMÔNIO LIQUIDO;804790000.0;OUTROS;0.0;100.0;INDETERMINADO;GERAL;HÍBRIDOS;0.95;0
CPTI11;12.64;99.04;0.99;570990.0;14.86;INDETERMINADO;1%;-;1.2;OUTRO;0.0;0.0;ATIVA;GERAL;FUNDO DE INFRAESTRUTURA (FI-INFRA);0.0;0
CEOC11;15.11;45.03;0.59;101100.0;-14.17;FUNDO DE TIJOLO;PASSIVA;0,20% A.A;142060000.0;LAJES CORPORATIVAS;1.0;100.0;INDETERMINADO;GERAL;RENDA;0.43;0
ALZR11;9.05;115.1;1.09;2000000.0;6.56;FUNDO DE TIJOLO;ATIVA;0,20% A.A;1040000000.0;LOGÍSTICO / INDÚSTRIA / GALPÕES;15.0;100.0;INDETERMINADO;GERAL;RENDA;0.83;0
CXCI11;11.75;84.95;0.88;121000.0;19.92;ATIVA;-;5.329;0.0;FUNDO DE FUNDOS;0.0;5329.0;;GERAL;OUTROS;0.0;0
ITIP11;12.25;77.0;1.0;102500.0;6.38;FUNDO DE PAPEL;PASSIVA;0,30% A.A. SOBRE PATRIMÔNIO LÍQUIDO;57820000.0;TÍTULOS E VALORES MOBILIÁRIOS;0.0;100.0;INDETERMINADO;GERAL;RENDA;0.67;0
CXCO11;12.22;76.5;0.77;172800.0;10.45;FUNDO DE TIJOLO;ATIVA;0,25% A.A SOBRE PATRIMÔNIO LIQUIDO;389320000.0;LAJES CORPORATIVAS;10.0;100.0;INDETERMINADO;GERAL;RENDA;0.74;0
DEVA11;21.3;40.98;0.42;1900000.0;-47.9;FUNDO DE PAPEL;ATIVA;0,70% A.A;1360000000.0;TÍTULOS E VALORES MOBILIÁRIOS;0.0;100.0;INDETERMINADO;GERAL;TÍTULOS E VALORES MOBILIÁRIOS;0.49;0
ALZM11;11.63;91.44;1.0;245280.0;21.84;FUNDO DE FUNDOS;ATIVA;;63310000.0;TÍTULOS E VALORES MOBILIÁRIOS;0.0;100.0;INDETERMINADO;GERAL;TÍTULOS E VALORES MOBILIÁRIOS;0.8;0
SNCI11;12.48;99.74;1.01;617500.0;13.81;OUTRO;ATIVA;0,70% A.A SOBRE PATRIMÔNIO LÍQUIDO;411250000.0;TÍTULOS E VALORES MOBILIÁRIOS;0.0;100.0;INDETERMINADO;GERAL;TÍTULOS E VALORES MOBILIÁRIOS;1.0;0
BLMG11;15.69;57.41;0.66;452300.0;-25.82;FUNDO DE TIJOLO;ATIVA;0,95% A.A SOBRE PATRIMÔNIO LIQUIDO (MINIMO R$25.000,00 MENSAIS);332600000.0;LOGÍSTICO / INDÚSTRIA / GALPÕES;4.0;100.0;INDETERMINADO;GERAL;RENDA;0.68;0
HOSI11;11.85;65.5;0.71;19100.0;16.22;FUNDO DE TIJOLO;ATIVA;0,30% A.A;53000000.0;HÍBRIDO;1.0;100.0;INDETERMINADO;GERAL;HÍBRIDOS;0.45;0
MXRF11;12.12;10.97;1.11;11900000.0;21.75;FUNDO DE PAPEL;ATIVA;0,90% A.A (MÍNIMO DE R$ 60 MIL MENSAIS);2560000000.0;HÍBRIDO;3.0;100.0;INDETERMINADO;GERAL;HÍBRIDOS;0.11;0
SPXS11;12.5;95.25;0.99;418860.0;11.35;OUTRO;ATIVA;0,80%;118730000.0;HÍBRIDO;0.0;0.8;INDETERMINADO;GERAL;HÍBRIDOS;1.17;0
FPAB11;10.32;203.0;0.53;10900.0;8.53;FUNDO DE TIJOLO;PASSIVA;5,0% DAS RECEITAS BRUTAS AUFERIDAS;280610000.0;LAJES CORPORATIVAS;1.0;100.0;INDETERMINADO;GERAL;RENDA;0.9;0
BLMC11;12.09;81.29;0.81;20200.0;6.31;FUNDO DE PAPEL;ATIVA;1,15% A.A SOBRE PATRIMÔNIO LIQUIDO DO FUNDO (MINIMO R$25.000,00 MENSAIS);39340000.0;OUTROS;0.0;100.0;INDETERMINADO;GERAL;RENDA;0.68;0
JSAF11;11.45;99.03;0.99;1100000.0;22.53;FUNDO DE PAPEL;ATIVA;1,00% A.A SOBRE PATRIMÔNIO LÍQUIDO;155940000.0;TÍTULOS E VALORES MOBILIÁRIOS;0.0;100.0;INDETERMINADO;GERAL;TÍTULOS E VALORES MOBILIÁRIOS;1.0;0
OUFF11;12.4;68.94;0.88;123400.0;13.74;FUNDO DE FUNDOS;ATIVA;0,35% A.A.;140580000.0;TÍTULOS E VALORES MOBILIÁRIOS;0.0;100.0;INDETERMINADO;GERAL;TÍTULOS E VALORES MOBILIÁRIOS;0.72;0
HREC11;12.75;84.01;0.9;223900.0;5.85;FUNDO DE PAPEL;ATIVA;0,70% A.A SOBRE PATRIMÔNIO LÍQUIDO;482140000.0;TÍTULOS E VALORES MOBILIÁRIOS;0.0;100.0;INDETERMINADO;GERAL;TÍTULOS E VALORES MOBILIÁRIOS;0.85;0
QAMI11;12.53;84.99;0.9;34600.0;15.57;FUNDO DE PAPEL;ATIVA;1,00% A.A SOBRE O PATRIMÔNIO LÍQUIDO (MÍNIMO DE R$ 36.000,00 MENSAIS);75740000.0;HÍBRIDO;0.0;100.0;INDETERMINADO;GERAL;HÍBRIDOS;1.0;0
BODB11;9.95;9.45;0.98;628000.0;12.17;INDETERMINADO;0.9%;-;0.12;OUTRO;0.0;0.0;ATIVA;GERAL;FUNDO DE INFRAESTRUTURA (FI-INFRA);0.0;0
SEQR11;14.04;59.5;0.65;209900.0;0.27;OUTRO;ATIVA;1,24% A.A SOBRE PATRIMÔNIO LIQUIDO (MÍNIMO R$15.000,00 MENSAIS);149970000.0;OUTROS;4.0;100.0;INDETERMINADO;GERAL;RENDA;0.72;0
AFHI11;12.95;97.25;1.02;1000000.0;13.68;FUNDO DE PAPEL;ATIVA;1,00% A.A SOBRE PATRIMÔNIO LIQUIDO;317870000.0;TÍTULOS E VALORES MOBILIÁRIOS;0.0;100.0;INDETERMINADO;GERAL;TÍTULOS E VALORES MOBILIÁRIOS;1.05;0
MCCI11;12.56;93.89;1.0;3500000.0;10.64;FUNDO DE PAPEL;ATIVA;0,20% AO ANO SOBRE O PATRIMÔNIO LÍQUIDO DO FUNDO;1590000000.0;TÍTULOS E VALORES MOBILIÁRIOS;0.0;100.0;INDETERMINADO;GERAL;RENDA;0.9;0
HGAG11;27.52;23.58;0.99;7180.0;0.77;OUTRO;ATIVA;;5910000.0;FIAGROS;0.0;100.0;INDETERMINADO;GERAL;RENDA;0.15;0
HSAF11;12.68;85.04;0.91;410540.0;14.52;FUNDO DE PAPEL;ATIVA;1,00% A.A;235240000.0;TÍTULOS E VALORES MOBILIÁRIOS;0.0;100.0;INDETERMINADO;GERAL;TÍTULOS E VALORES MOBILIÁRIOS;0.7;0
GAME11;13.32;9.14;0.94;142000.0;10.49;FUNDO DE PAPEL;ATIVA;1,10% A.A.;212430000.0;HÍBRIDO;0.0;100.0;INDETERMINADO;GERAL;HÍBRIDOS;0.1;0
NAVT11;13.07;83.38;0.86;353040.0;18.52;FUNDO DE PAPEL;ATIVA;1,0% A.A SOBRE O PATRIMÔNIO LÍQUIDO (MÍNIMO DE R$ 20.000,00 MENSAIS);99840000.0;TÍTULOS E VALORES MOBILIÁRIOS;0.0;100.0;INDETERMINADO;GERAL;RENDA;1.0;0
AIEC11;14.65;62.22;0.66;705500.0;-21.8;FUNDO DE TIJOLO;ATIVA;0,75% A.A;457870000.0;LAJES CORPORATIVAS;2.0;100.0;INDETERMINADO;GERAL;RENDA;0.76;0
HTMX11;11.49;153.26;1.17;700700.0;49.17;FUNDO DE TIJOLO;ATIVA;0,50% A.A;198650000.0;HOTÉIS;23.0;100.0;INDETERMINADO;GERAL;RENDA;2.85;0
APTO11;12.41;9.88;0.95;42500.0;24.03;FUNDO DE TIJOLO;ATIVA;1,35% A.A. SOBRE PATRIMÔNIO LÍQUIDO;41640000.0;HÍBRIDO;6.0;100.0;INDETERMINADO;GERAL;HÍBRIDOS;0.1;0
FLCR11;13.42;96.82;0.98;72700.0;17.56;FUNDO DE PAPEL;ATIVA;1,0% A.A SOBRE O PATRIMÔNIO LÍQUIDO (MÍNIMO DE R$ 20.000,00 MENSAIS);62670000.0;TÍTULOS E VALORES MOBILIÁRIOS;0.0;100.0;INDETERMINADO;INVESTIDOR QUALIFICADO;TÍTULOS E VALORES MOBILIÁRIOS;1.0;0
VGHF11;13.44;9.5;1.02;3300000.0;13.31;FUNDO DE PAPEL;ATIVA;0,90% A.A SOBRE PATRIMÔNIO LIQUIDO (MINIMO R$10.000,00 MENSAIS);876230000.0;TÍTULOS E VALORES MOBILIÁRIOS;0.0;100.0;INDETERMINADO;GERAL;TÍTULOS E VALORES MOBILIÁRIOS;0.1;0
MANA11;13.86;9.67;0.99;178400.0;10.39;OUTRO;ATIVA;1,00% A.A.;209670000.0;TÍTULOS E VALORES MOBILIÁRIOS;0.0;100.0;INDETERMINADO;GERAL;TÍTULOS E VALORES MOBILIÁRIOS;0.1;0
PORD11;13.34;90.21;0.93;494500.0;8.69;FUNDO DE PAPEL;ATIVA;0.9% A.A.;363730000.0;TÍTULOS E VALORES MOBILIÁRIOS;0.0;100.0;INDETERMINADO;GERAL;TÍTULOS E VALORES MOBILIÁRIOS;1.0;0
BTCR11;1.02;88.0;0.97;1390000.0;-5.41;FUNDO DE PAPEL;ATIVA;0,20% A.A SOBRE PATRIMÔNIO LIQUIDO;1000000000.0;TÍTULOS E VALORES MOBILIÁRIOS;0.0;100.0;INDETERMINADO;GERAL;RENDA;0.9;0
JURO11;11.81;106.0;1.03;1600000.0;11.32;INDETERMINADO;1%;-;1.5;OUTRO;0.0;0.0;ATIVA;GERAL;FUNDO DE INFRAESTRUTURA (FI-INFRA);0.0;0
MCHF11;13.16;9.04;0.95;993800.0;14.14;FUNDO DE FUNDOS;ATIVA;0,95% A.A.;306950000.0;TÍTULOS E VALORES MOBILIÁRIOS;0.0;100.0;INDETERMINADO;GERAL;TÍTULOS E VALORES MOBILIÁRIOS;0.09;0
IBCR11;13.5;79.98;0.83;260100.00000000003;3.19;FUNDO DE PAPEL;ATIVA;1,00% A.A SOBRE PATRIMÔNIO LÍQUIDO (MÍNIMO R$75.000,00 MENSAIS);92360000.0;TÍTULOS E VALORES MOBILIÁRIOS;0.0;100.0;INDETERMINADO;GERAL;TÍTULOS E VALORES MOBILIÁRIOS;1.0;0
HGCR11;13.32;105.71;1.04;3800000.0;15.55;FUNDO DE PAPEL;ATIVA;0,80% A.A;1570000000.0;TÍTULOS E VALORES MOBILIÁRIOS;0.0;100.0;INDETERMINADO;GERAL;TÍTULOS E VALORES MOBILIÁRIOS;1.1;0
BTAG11;11.09;94.66;0.95;0.0;6.34;INDETERMINADO;0,25% A.A;-%;1.28;OUTRO;0.0;100.0;ATIVA;GERAL;FIAGROS;0.0;0
HCHG11;14.24;78.6;0.81;80500.0;4.84;FUNDO DE PAPEL;ATIVA;0,20% A.A. SOBRE PATRIMÔNIO LÍQUIDO;116500000.0;OUTROS;0.0;100.0;INDETERMINADO;GERAL;TÍTULOS E VALORES MOBILIÁRIOS;0.55;0
KNCR11;13.52;101.44;1.0;13930000.0;14.85;FUNDO DE PAPEL;ATIVA;1,00 % A.A;5770000000.0;TÍTULOS E VALORES MOBILIÁRIOS;0.0;100.0;INDETERMINADO;GERAL;TÍTULOS E VALORES MOBILIÁRIOS;1.1;0
MFII11;14.18;93.2;0.94;463800.0;8.25;FUNDO DE TIJOLO;ATIVA;2,0% A.A SOBRE PATRIMÔNIO LÍQUIDO (MÍNIMO DE R$30.000,00 MENSAIS);438160000.0;HÍBRIDO;9.0;100.0;INDETERMINADO;GERAL;HÍBRIDOS;1.08;0
RRCI11;13.89;82.68;0.9;36500.0;12.01;FUNDO DE PAPEL;ATIVA;1,0% A.A SOBRE O PATRIMÔNIO LÍQUIDO (MÍNIMO R$ 15.000,00 MENSAIS);44600000.0;TÍTULOS E VALORES MOBILIÁRIOS;0.0;100.0;INDETERMINADO;GERAL;RENDA;0.95;0
RURA11;13.88;10.5;1.05;2300000.0;17.41;OUTRO;ATIVA;;1600000000.0;FIAGROS;0.0;100.0;INDETERMINADO;GERAL;TÍTULOS E VALORES MOBILIÁRIOS;0.12;0
SADI11;14.43;85.2;0.89;502000.0;7.08;FUNDO DE PAPEL;ATIVA;1,00% A.A;148360000.0;TÍTULOS E VALORES MOBILIÁRIOS;0.0;100.0;INDETERMINADO;GERAL;TÍTULOS E VALORES MOBILIÁRIOS;1.0;0
TGAR11;13.57;121.35;1.07;4200000.0;13.08;FUNDO DE TIJOLO;ATIVA;1,50% A.A;1580000000.0;OUTROS;0.0;100.0;INDETERMINADO;GERAL;HÍBRIDOS;1.43;0
BBFI11B;23.5;938.03;0.44;140400.0;-43.88;FUNDO DE TIJOLO;PASSIVA;3% A.M SOBRE RECEITA (MINIMO R$36.000,00 MENSAIS);279220000.0;LAJES CORPORATIVAS;2.0;100.0;INDETERMINADO;GERAL;RENDA;7.59;0
VOTS11;14.05;81.99;0.87;4400.0;-6.28;FUNDO DE PAPEL;ATIVA;1,00% A.A;77720000.0;TÍTULOS E VALORES MOBILIÁRIOS;0.0;100.0;INDETERMINADO;GERAL;TÍTULOS E VALORES MOBILIÁRIOS;0.77;0
RBRY11;14.02;100.34;1.02;2200000.0;18.43;FUNDO DE PAPEL;ATIVA;0,20% A.A SOBRE PATRIMÔNIO LIQUIDO DO FUNDO (MINIMO R$20.000,00 MENSAIS);542960000.0;TÍTULOS E VALORES MOBILIÁRIOS;0.0;100.0;INDETERMINADO;GERAL;RENDA;1.2;0
GCRI11;14.43;87.9;0.93;213200.0;9.7;FUNDO DE PAPEL;ATIVA;1,00% A.A SOBRE PATRIMÔNIO LÍQUIDO (MÍNIMO R$20.000,00 MENSAIS);137240000.0;TÍTULOS E VALORES MOBILIÁRIOS;0.0;100.0;INDETERMINADO;GERAL;TÍTULOS E VALORES MOBILIÁRIOS;0.95;0
CYCR11;12.97;9.4;0.97;250700.0;31.21;FUNDO DE PAPEL;ATIVA;1,00% A.A SOBRE PATRIMÔNIO LÍQUIDO (MÍNIMO R$20.000,00 MENSAIS);159670000.0;OUTROS;0.0;100.0;INDETERMINADO;GERAL;TÍTULOS E VALORES MOBILIÁRIOS;0.1;0
MORC11;14.28;92.65;0.94;485370.0;11.46;FUNDO DE PAPEL;ATIVA;0,95% A.A.;187680000.0;TÍTULOS E VALORES MOBILIÁRIOS;0.0;100.0;INDETERMINADO;GERAL;TÍTULOS E VALORES MOBILIÁRIOS;1.24;0
MGHT11;16.54;50.56;0.61;95100.0;-10.88;FUNDO DE TIJOLO;ATIVA;0,85% A.A;111720000.0;HOTÉIS;1.0;100.0;INDETERMINADO;INVESTIDOR QUALIFICADO;RENDA;0.5;0
WSEC11;13.98;86.49;0.85;6500.0;4.55;FUNDO DE PAPEL;ATIVA;1,00% A.A.;24820000.0;TÍTULOS E VALORES MOBILIÁRIOS;0.0;100.0;INDETERMINADO;INVESTIDOR QUALIFICADO;TÍTULOS E VALORES MOBILIÁRIOS;0.99;0
PLCR11;13.27;91.18;0.99;333500.0;21.87;FUNDO DE PAPEL;ATIVA;1,20% A.A;193580000.0;HÍBRIDO;0.0;100.0;INDETERMINADO;GERAL;HÍBRIDOS;0.9;0
HCRI11;11.25;288.0;0.93;34770.0;36.77;FUNDO DE TIJOLO;PASSIVA;2,0% A.M;61650000.0;HOSPITALAR;1.0;100.0;INDETERMINADO;GERAL;RENDA;2.66;0
PLCA11;15.1;88.5;0.93;28600.0;5.08;OUTRO;ATIVA;;52860000.0;FIAGROS;0.0;100.0;INDETERMINADO;GERAL;TÍTULOS E VALORES MOBILIÁRIOS;1.1;0
BROF11;5.41;63.84;0.61;1000000.0;7.78;FUNDO DE TIJOLO;ATIVA;;1230000000.0;LAJES CORPORATIVAS;0.0;100.0;INDETERMINADO;GERAL;RENDA;0.54;0
KNCA11;14.51;105.13;1.02;3220000.0;13.53;OUTRO;ATIVA;;2220000000.0;FIAGROS;0.0;100.0;INDETERMINADO;GERAL;TÍTULOS E VALORES MOBILIÁRIOS;1.1;0
SNAG11;13.73;10.18;1.0;1640000.0;14.97;OUTRO;ATIVA;;337080000.0;FIAGROS;0.0;100.0;INDETERMINADO;GERAL;HÍBRIDOS;0.1;0
RINV11;4.31;110.21;1.02;131100.0;15.77;OUTRO;ATIVA;1,00% A.A.;76980000.0;TÍTULOS E VALORES MOBILIÁRIOS;0.0;100.0;INDETERMINADO;GERAL;TÍTULOS E VALORES MOBILIÁRIOS;1.2;0
LIFE11;16.06;10.11;0.99;202200.0;12.67;OUTRO;ATIVA;;226120000.0;OUTROS;0.0;100.0;INDETERMINADO;GERAL;HÍBRIDOS;0.12;0
BNFS11;14.41;122.59;1.36;127200.0;14.37;FUNDO DE TIJOLO;ATIVA;0,4% A.A SOBRE PATRIMÔNIO LIQUIDO (MÍNIMO R$20.000,00 MENSAIS);63120000.0;OUTROS;18.0;100.0;INDETERMINADO;GERAL;DESENVOLVIMENTO PARA RENDA;1.41;0
RPRI11;13.83;99.9;0.98;120860.0;7.24;FUNDO DE PAPEL;ATIVA;1,60%;228350000.0;HÍBRIDO;0.0;1.6;INDETERMINADO;GERAL;TÍTULOS E VALORES MOBILIÁRIOS;0.8;0
HABT11;15.1;89.95;0.92;1300000.0;8.72;FUNDO DE PAPEL;ATIVA;0,20% A.A.;793940000.0;TÍTULOS E VALORES MOBILIÁRIOS;0.0;100.0;INDETERMINADO;GERAL;RENDA;1.0;0
BBGO11;13.89;89.99;0.93;442010.0;23.24;OUTRO;ATIVA;;390250000.0;FIAGROS;0.0;100.0;INDETERMINADO;GERAL;TÍTULOS E VALORES MOBILIÁRIOS;0.75;0
PEMA11;17.49;42.0;0.59;1000.0;-14.58;FUNDO DE PAPEL;ATIVA;0,10% A.A. SOBRE PATRIMÔNIO LÍQUIDO;40150000.0;OUTROS;0.0;100.0;INDETERMINADO;INVESTIDOR QUALIFICADO;TÍTULOS E VALORES MOBILIÁRIOS;0.68;0
OURE11;15.07;75.2;0.82;120600.0;2.73;FUNDO DE PAPEL;ATIVA;1,05% A.A SOBRE PATRIMÔNIO LÍQUIDO;99360000.0;HÍBRIDO;6.0;100.0;INDETERMINADO;GERAL;HÍBRIDOS;0.8;0
NCHB11;15.27;80.21;0.9;380000.0;-0.59;FUNDO DE PAPEL;ATIVA;0,20% A.A SOBRE PATRIMÔNIO LÍQUIDO (MÍNIMO DE R$13.000,00 MENSAIS);152370000.0;TÍTULOS E VALORES MOBILIÁRIOS;0.0;100.0;INDETERMINADO;GERAL;RENDA;0.73;0
OUJP11;14.86;96.4;0.98;541100.0;17.37;FUNDO DE PAPEL;ATIVA;1,05% A.A (MÍNIMO DE R$28.250,00 MENSAIS);321780000.0;TÍTULOS E VALORES MOBILIÁRIOS;0.0;100.0;INDETERMINADO;GERAL;TÍTULOS E VALORES MOBILIÁRIOS;1.0;0
ARRI11;14.96;8.74;0.98;249700.0;11.31;FUNDO DE PAPEL;ATIVA;0,14% A.A;116470000.0;TÍTULOS E VALORES MOBILIÁRIOS;0.0;100.0;INDETERMINADO;GERAL;TÍTULOS E VALORES MOBILIÁRIOS;0.1;0
GCRA11;16.3;87.25;0.89;332500.0;2.46;OUTRO;ATIVA;;171320000.0;FIAGROS;0.0;100.0;INDETERMINADO;GERAL;TÍTULOS E VALORES MOBILIÁRIOS;1.1;0
RBHG11;14.08;89.83;1.0;288300.0;19.76;FUNDO DE PAPEL;ATIVA;1,00% A.A SOBRE PATRIMÔNIO LIQUIDO;157130000.0;TÍTULOS E VALORES MOBILIÁRIOS;0.0;100.0;INDETERMINADO;GERAL;TÍTULOS E VALORES MOBILIÁRIOS;1.05;0
URPR11;16.4;90.0;0.9;2700000.0;2.75;FUNDO DE PAPEL;ATIVA;0,25% A.A;1170000000.0;OUTROS;0.0;100.0;INDETERMINADO;GERAL;HÍBRIDOS;1.17;0
GRWA11;8.3;10.92;1.05;16980.0;15.22;INDETERMINADO;;-;0.15;OUTRO;0.0;0.0;ATIVA;GERAL;FIAGROS;0.0;0
RBHY11;15.22;93.2;1.01;132260.0;11.96;FUNDO DE PAPEL;ATIVA;1,00% A.A SOBRE PATRIMÔNIO LIQUIDO;176370000.0;TÍTULOS E VALORES MOBILIÁRIOS;0.0;100.0;INDETERMINADO;GERAL;TÍTULOS E VALORES MOBILIÁRIOS;1.15;0
VGIR11;15.18;9.67;1.01;4600000.0;14.3;FUNDO DE PAPEL;ATIVA;0,20% A.A SOBRE PATRIMÔNIO LIQUIDO (MINIMO R$20.000,00 MENSAIS);994770000.0;TÍTULOS E VALORES MOBILIÁRIOS;0.0;100.0;INDETERMINADO;GERAL;RENDA;0.12;0
VCRI11;15.49;8.37;0.87;355200.0;8.04;INDETERMINADO;;-;0.08;FUNDO DE PAPEL;0.0;0.0;ATIVA;TÍTULOS E VALORES MOBILIÁRIOS;TÍTULOS E VALORES MOBILIÁRIOS;0.0;0
DCRA11;15.47;9.27;0.97;216160.0;14.37;OUTRO;ATIVA;;64730000.00000001;FIAGROS;0.0;100.0;INDETERMINADO;GERAL;HÍBRIDOS;0.12;0
OGHY11;7.43;10.5;1.11;5500.0;12.18;FUNDO DE PAPEL;ATIVA;;19760000.0;TÍTULOS E VALORES MOBILIÁRIOS;0.0;100.0;INDETERMINADO;GERAL;TÍTULOS E VALORES MOBILIÁRIOS;0.13;0
JGPX11;14.97;95.98;1.0;692830.0;14.16;OUTRO;ATIVA;;204720000.0;FIAGROS;0.0;100.0;INDETERMINADO;GERAL;HÍBRIDOS;0.37;0
CDII11;8.82;105.85;1.01;741200.0;10.41;INDETERMINADO;1% A.A;-;1.12;OUTRO;0.0;0.0;ATIVA;GERAL;FUNDO DE INFRAESTRUTURA (FI-INFRA);0.0;0
VCRA11;16.38;96.18;0.93;724970.0;5.46;OUTRO;ATIVA;;473510000.0;FIAGROS;0.0;100.0;INDETERMINADO;GERAL;TÍTULOS E VALORES MOBILIÁRIOS;1.1;0
RZAG11;15.31;9.69;1.02;2620000.0;10.48;OUTRO;ATIVA;;648180000.0;FIAGROS;0.0;100.0;INDETERMINADO;GERAL;TÍTULOS E VALORES MOBILIÁRIOS;0.13;0
VGIA11;17.67;9.32;0.98;4000000.0;8.28;OUTRO;ATIVA;;821630000.0;FIAGROS;0.0;100.0;INDETERMINADO;GERAL;TÍTULOS E VALORES MOBILIÁRIOS;0.12;0
IAAG11;2.1;10.0;1.04;143180.0;2.35;OUTRO;ATIVA;;52460000.0;FIAGROS;0.0;100.0;INDETERMINADO;GERAL;TÍTULOS E VALORES MOBILIÁRIOS;0.08;0
AGRX11;16.17;10.71;1.06;184600.0;21.72;OUTRO;ATIVA;;97250000.0;FIAGROS;0.0;100.0;INDETERMINADO;GERAL;RENDA;0.15;0
XPCA11;15.79;9.64;1.02;1780000.0;12.94;OUTRO;ATIVA;;431790000.0;FIAGROS;0.0;100.0;INDETERMINADO;GERAL;TÍTULOS E VALORES MOBILIÁRIOS;0.11;0
AAZQ11;12.46;9.34;0.98;721860.0;4.72;OUTRO;ATIVA;1,2%;227320000.0;FIAGROS;0.0;1.2;INDETERMINADO;GERAL;DESENVOLVIMENTO PARA RENDA;0.12;0
BDIF11;15.2;92.35;0.99;1470000.0;20.19;INDETERMINADO;0,75%;-;1.35;OUTRO;0.0;0.0;ATIVA;GERAL;FUNDO DE INFRAESTRUTURA (FI-INFRA);0.0;0
JPPA11;16.68;96.53;0.99;234100.0;8.14;FUNDO DE PAPEL;ATIVA;0,65% A.A SOBRE PATRIMÔNIO LIQUIDO;88400000.0;TÍTULOS E VALORES MOBILIÁRIOS;0.0;100.0;INDETERMINADO;GERAL;TÍTULOS E VALORES MOBILIÁRIOS;1.1;0
RZAK11;16.53;92.01;0.99;2900000.0;4.57;FUNDO DE PAPEL;ATIVA;1,20% A.A SOBRE PATRIMÔNIO LIQUIDO (MÍNIMO R$25.000,00 MENSAIS);814860000.0;TÍTULOS E VALORES MOBILIÁRIOS;0.0;100.0;INDETERMINADO;GERAL;TÍTULOS E VALORES MOBILIÁRIOS;1.3;0
OIAG11;17.32;9.48;0.96;261370.0;12.51;OUTRO;ATIVA;;88400000.0;FIAGROS;0.0;100.0;INDETERMINADO;GERAL;HÍBRIDOS;0.13;0
FGAA11;16.63;9.75;1.02;1360000.0;15.43;OUTRO;ATIVA;;340820000.0;FIAGROS;0.0;100.0;INDETERMINADO;GERAL;HÍBRIDOS;0.12;0
RBRX11;15.84;91.71;0.96;892500.0;33.05;FUNDO DE FUNDOS;ATIVA;;179200000.0;HÍBRIDO;0.0;100.0;INDETERMINADO;GERAL;TÍTULOS E VALORES MOBILIÁRIOS;1.05;0
NCRA11;17.72;10.78;1.03;238300.0;26.74;OUTRO;ATIVA;1,2%;46710000.0;FIAGROS;0.0;1.2;INDETERMINADO;GERAL;TÍTULOS E VALORES MOBILIÁRIOS;0.15;0
CACR11;16.83;104.0;1.02;757600.0;21.64;FUNDO DE PAPEL;ATIVA;1,00% A.A SOBRE PATRIMÔNIO LÍQUIDO;184160000.0;HÍBRIDO;0.0;100.0;INDETERMINADO;GERAL;HÍBRIDOS;1.42;0
CRAA11;4.67;100.5;0.99;209720.0;2.87;OUTRO;ATIVA;;50170000.0;FIAGROS;0.0;100.0;INDETERMINADO;GERAL;TÍTULOS E VALORES MOBILIÁRIOS;1.5;0
CPTR11;16.89;9.53;0.97;1490000.0;7.94;OUTRO;ATIVA;;407270000.0;FIAGROS;0.0;100.0;INDETERMINADO;GERAL;TÍTULOS E VALORES MOBILIÁRIOS;0.1;0
MCHY11;17.93;109.01;1.12;22600.0;22.76;FUNDO DE PAPEL;ATIVA;1,05% A.A. SOBRE PATRIMÔNIO LÍQUIDO;355900000.0;TÍTULOS E VALORES MOBILIÁRIOS;0.0;100.0;INDETERMINADO;GERAL;TÍTULOS E VALORES MOBILIÁRIOS;1.3;0
LSAG11;17.33;105.0;1.07;68960.0;18.55;OUTRO;ATIVA;;98970000.0;FIAGROS;0.0;100.0;INDETERMINADO;GERAL;TÍTULOS E VALORES MOBILIÁRIOS;1.5;0
KIVO11;17.74;92.0;0.96;214100.0;12.2;FUNDO DE PAPEL;ATIVA;1,25% A.A. SOBRE PATRIMÔNIO LÍQUIDO (MÍNIMO R$20.000,00 MENSAIS);113660000.0;OUTROS;0.0;100.0;INDETERMINADO;INVESTIDOR QUALIFICADO;TÍTULOS E VALORES MOBILIÁRIOS;1.02;0
RBOP11;32.19;280.0;0.33;42000.0;-46.56;FUNDO DE TIJOLO;ATIVA;1,1%;85890000.0;OUTROS;0.0;1.1;INDETERMINADO;GERAL;RENDA;2.4;0
SRVD11;0.0;3.0;-422.16;234.0;-58.45;FUNDO DE PAPEL;ATIVA;1,05% A.A. SOBRE PATRIMÔNIO LÍQUIDO;-684240000.0;TÍTULOS E VALORES MOBILIÁRIOS;0.0;100.0;INDETERMINADO;INVESTIDOR QUALIFICADO;TÍTULOS E VALORES MOBILIÁRIOS;0.2;0
CXTL11;6.53;285.21;0.69;12300.0;22.48;FUNDO DE TIJOLO;PASSIVA;0,41% A.A;22310000.0;LOGÍSTICO / INDÚSTRIA / GALPÕES;4.0;100.0;INDETERMINADO;GERAL;RENDA;1.6;0
FZDA11;1.87;121.0;0.54;83970.0;15.37;OUTRO;ATIVA;;345020000.0;FIAGROS;0.0;100.0;INDETERMINADO;GERAL;HÍBRIDOS;2.26;0
EQIR11;13.04;10.1;1.04;118200.0;18.09;OUTRO;ATIVA;1,00% A.A SOBRE PATRIMÔNIO LIQUIDO;48810000.0;TÍTULOS E VALORES MOBILIÁRIOS;0.0;100.0;INDETERMINADO;INVESTIDOR QUALIFICADO;TÍTULOS E VALORES MOBILIÁRIOS;0.11;0
CJCT11;0.91;69.0;1.06;35400.0;8.54;FUNDO DE TIJOLO;PASSIVA;0,70% A.A;207760000.0;LAJES CORPORATIVAS;1.0;100.0;INDETERMINADO;INVESTIDOR QUALIFICADO;RENDA;0.08;0
EGAF11;16.88;98.82;1.0;729550.0;16.63;OUTRO;ATIVA;;186720000.0;FIAGROS;0.0;100.0;INDETERMINADO;GERAL;TÍTULOS E VALORES MOBILIÁRIOS;1.29;0
NEWU11;2.08;73.3;1.07;118700.0;85.98;FUNDO DE TIJOLO;ATIVA;0,48% A.A.;51170000.0;LAJES CORPORATIVAS;3.0;100.0;INDETERMINADO;GERAL;RENDA;0.2;0
KINP11;41.49;9.82;2.66;38400.0;117.26;FUNDO DE TIJOLO;ATIVA;1,45% A.A SOBRE PATRIMÔNIO LIQUIDO;26410000.0;OUTROS;0.0;100.0;DETERMINADO;INVESTIDOR QUALIFICADO;DESENVOLVIMENTO PARA VENDA;3.69;0
RNDP11;9.02;135.51;0.79;10000.0;54.21;FUNDO DE PAPEL;ATIVA;0,55% A.A;18200000.0;TÍTULOS E VALORES MOBILIÁRIOS;0.0;100.0;INDETERMINADO;GERAL;TÍTULOS E VALORES MOBILIÁRIOS;1.09;0
IDFI11;17.9;25.96;0.88;51200.0;-6.51;FUNDO MISTO;ATIVA;0,3% A.A.;60950000.0;HÍBRIDO;0.0;100.0;DETERMINADO;INVESTIDOR QUALIFICADO;RENDA;0.12;0
VVCR11;20.09;20.0;0.91;76600.0;-11.28;FUNDO DE PAPEL;ATIVA;0,90% A.A;34790000.0;TÍTULOS E VALORES MOBILIÁRIOS;0.0;100.0;DETERMINADO;GERAL;RENDA;0.02;0
BRIP11;13.16;1000.0;0.85;1580.0;-5.38;FUNDO DE DESENVOLVIMENTO;ATIVA;2,0% A.A SOBRE PATRIMÔNIO LÍQUIDO (MÍNIMO DE R$60.000,00 MENSAIS);252310000.0;HÍBRIDO;0.0;100.0;DETERMINADO;GERAL;HÍBRIDOS;9.28;0
RBDS11;0.0;3.0;0.13;596.0;-27.11;FUNDO DE TIJOLO;ATIVA;1,4% A.A;2780000.0;OUTROS;0.0;100.0;DETERMINADO;INVESTIDOR QUALIFICADO;DESENVOLVIMENTO PARA VENDA;2.35;0
VSEC11;780.95;0.21;0.07;3.0;-99.47;FUNDO DE PAPEL;ATIVA;0,70% A.A;188470000.0;OUTROS;0.0;100.0;DETERMINADO;INVESTIDOR QUALIFICADO;TÍTULOS E VALORES MOBILIÁRIOS;0.08;0
KNRE11;61.33;0.55;0.67;6700.0;75.0;FUNDO DE TIJOLO;ATIVA;1,0% A.A SOBRE PATRIMÔNIO LÍQUIDO;15580000.0;OUTROS;0.0;100.0;DETERMINADO;INVESTIDOR QUALIFICADO;DESENVOLVIMENTO PARA VENDA;0.07;0
LOFT11B;0.0;29.9;2.84;0.0;298900.0;FUNDO DE DESENVOLVIMENTO;ATIVA;0,20% A.A;20640000.0;OUTROS;0.0;100.0;INDETERMINADO;INVESTIDOR QUALIFICADO;HÍBRIDOS;47.9;0
VVCO11;0.0;12.67;0.89;246300.0;65.44;FUNDO DE TIJOLO;ATIVA;1,20% A.A.;71230000.0;LAJES CORPORATIVAS;1.0;100.0;INDETERMINADO;GERAL;RENDA;11.16;0
ALMI11;0.0;703.33;0.35;32200.000000000004;-20.88;FUNDO DE TIJOLO;PASSIVA;0,383% A.A SOBRE PATRIMÔNIO LIQUIDO (MINIMO R$30.000,00 MENSAIS);226380000.0;LAJES CORPORATIVAS;1.0;100.0;INDETERMINADO;GERAL;RENDA;0.37;0
AURB11;0.0;0.0;0.0;0.0;0.0;FUNDO DE TIJOLO;ATIVA;1,00% A.A;79550000.0;LOGÍSTICO / INDÚSTRIA / GALPÕES;2.0;100.0;INDETERMINADO;INVESTIDOR QUALIFICADO;RENDA;0.76;0
BBIM11;0.1;2347.77;137.56;0.0;0.68;FUNDO DE PAPEL;ATIVA;0,30% A.A;17670000.0;OUTROS;0.0;100.0;DETERMINADO;GERAL;TÍTULOS E VALORES MOBILIÁRIOS;0.1;0
BLMO11;4.7;17898.0;0.54;288200.0;-6.68;FUNDO DE TIJOLO;ATIVA;1,25% A.A;126700000.0;LAJES CORPORATIVAS;1.0;100.0;DETERMINADO;GERAL;HÍBRIDOS;102.0;0
BPLC11;0.0;0.0;0.0;0.0;0.0;FUNDO MISTO;PASSIVA;;324540000.0;HÍBRIDO;1.0;100.0;INDETERMINADO;INVESTIDOR QUALIFICADO;RENDA;14.14;0
BTSI11;5.51;104.0;0.87;75900.0;0.0;FUNDO DE DESENVOLVIMENTO;ATIVA;;280020000.0;HÍBRIDO;0.0;100.0;INDETERMINADO;GERAL;DESENVOLVIMENTO PARA RENDA;0.73;0
BTWR11;5.94;103.2;0.92;428.0;3.69;FUNDO DE DESENVOLVIMENTO;PASSIVA;0,80% A.A. SOBRE PATRIMÔNIO LÍQUIDO;90600000.0;LAJES CORPORATIVAS;1.0;100.0;INDETERMINADO;INVESTIDOR QUALIFICADO;RENDA;0.55;0
BZEL11;0.0;0.0;0.0;0.0;0.0;FUNDO DE TIJOLO;ATIVA;0,2% A.A. SOBRE PATRIMÔNIO LÍQUIDO;382240000.0;LOGÍSTICO / INDÚSTRIA / GALPÕES;0.0;100.0;INDETERMINADO;GERAL;RENDA;0.0;0
CFHI11;0.0;935.66;1.45;0.0;2620.73;FUNDO DE DESENVOLVIMENTO;ATIVA;1% A.A;60990000.0;OUTROS;0.0;100.0;INDETERMINADO;INVESTIDOR QUALIFICADO;HÍBRIDOS;36.51;0
CVPR11;0.0;0.0;0.0;0.0;0.0;OUTRO;ATIVA;;12050000.0;OUTROS;0.0;100.0;INDETERMINADO;INVESTIDOR QUALIFICADO;TÍTULOS E VALORES MOBILIÁRIOS;0.0;0
DLMT11;0.0;0.0;0.0;0.0;0.0;FUNDO DE TIJOLO;ATIVA;;8820000.0;HÍBRIDO;5.0;100.0;INDETERMINADO;GERAL;RENDA;0.0;0
ERCR11;6.26;37580.97;0.68;0.0;-18.12;FUNDO DE TIJOLO;PASSIVA;0,10% A.A. SOBRE PATRIMÔNIO LÍQUIDO;131970000.0;HÍBRIDO;0.0;100.0;INDETERMINADO;INVESTIDOR QUALIFICADO;DESENVOLVIMENTO PARA RENDA;4326.46;0
EXES11;10.45;83.94;0.91;3000.0;-9.75;FUNDO DE PAPEL;ATIVA;;43940000.0;TÍTULOS E VALORES MOBILIÁRIOS;0.0;100.0;INDETERMINADO;INVESTIDOR QUALIFICADO;TÍTULOS E VALORES MOBILIÁRIOS;1.03;0
FISC11;2.34;158.22;1.37;0.0;-0.68;FUNDO DE TIJOLO;ATIVA;3,6% A.A;195640000.0;LAJES CORPORATIVAS;3.0;100.0;INDETERMINADO;GERAL;RENDA;0.45;0
GESE11B;15.66;1076.09;0.61;0.0;-6.88;FUNDO DE TIJOLO;PASSIVA;0,18% A.A;91600000.0;OUTROS;1.0;100.0;DETERMINADO;INVESTIDOR QUALIFICADO;RENDA;14.23;0
GTLG11;10.06;63.99;1.06;22890.0;1887.27;FUNDO DE TIJOLO;ATIVA;1,00% A.A SOBRE PATRIMÔNIO LÍQUIDO;434810000.0;LOGÍSTICO / INDÚSTRIA / GALPÕES;5.0;100.0;INDETERMINADO;GERAL;RENDA;60.62;0
HRDF11;0.0;4.13;0.68;965.0;-24.5;FUNDO DE TIJOLO;ATIVA;0,75% A.A SOBRE PATRIMÔNIO LIQUIDO;9310000.0;HÍBRIDO;0.0;100.0;DETERMINADO;INVESTIDOR QUALIFICADO;DESENVOLVIMENTO PARA VENDA;34.0;0
JASC11;5.01;99.48;0.97;5380000.0;4.56;FUNDO DE TIJOLO;ATIVA;1,00% A.A.;279180000.0;OUTROS;0.0;100.0;INDETERMINADO;GERAL;RENDA;0.52;0
JBFO11;7.24;86.27;0.97;0.0;-0.06;FUNDO DE PAPEL;ATIVA;1,00% A.A SOBRE PATRIMÔNIO LÍQUIDO;113270000.0;FUNDO DE FUNDOS;0.0;100.0;INDETERMINADO;GERAL;TÍTULOS E VALORES MOBILIÁRIOS;0.28;0
JRDM11;6.51;85.9;0.97;100600.0;1663.86;FUNDO DE TIJOLO;PASSIVA;0,20% A.A SOBRE PATRIMÔNIO LÍQUIDO (MÍNIMO DE R$30.000,00 MENSAIS);224140000.0;SHOPPINGS / VAREJO;1.0;100.0;INDETERMINADO;GERAL;RENDA;7.83;0
LAVF11;0.0;0.0;0.0;0.0;0.0;FUNDO MISTO;ATIVA;;30660000.0;HÍBRIDO;0.0;100.0;INDETERMINADO;INVESTIDOR QUALIFICADO;RENDA;1.98;0
LFTT11;0.0;42.04;1.74;13600.0;15.32;FUNDO DE PAPEL;ATIVA;0,20% A.A;178470000.0;OUTROS;70.0;100.0;INDETERMINADO;INVESTIDOR QUALIFICADO;HÍBRIDOS;2.93;0
LLAO11;0.0;77.37;0.99;551300.0;0.0;FUNDO MISTO;ATIVA;2,00% A.A. SOBRE PATRIMÔNIO LÍQUIDO;28230000.0;HÍBRIDO;2.0;100.0;INDETERMINADO;INVESTIDOR QUALIFICADO;DESENVOLVIMENTO PARA VENDA;0.0;0
LPLP11;19.08;501.89;1.08;0.0;0.0;FUNDO DE TIJOLO;ATIVA;0,10% A.A. SOBRE PATRIMÔNIO LÍQUIDO;118870000.0;OUTROS;0.0;100.0;INDETERMINADO;INVESTIDOR QUALIFICADO;DESENVOLVIMENTO PARA VENDA;6.78;0
LSPA11;9.16;100.49;0.88;49500.0;1.95;FUNDO DE PAPEL;ATIVA;;46260000.0;OUTROS;0.0;100.0;INDETERMINADO;INVESTIDOR QUALIFICADO;RENDA;0.81;0
MBRF11;0.0;679.0;0.6;176200.0;-2.68;FUNDO DE TIJOLO;ATIVA;0,3% A.A SOBRE PATRIMÔNIO LIQUIDO (MINIMO R$18.000,00 MENSAIS);115490000.0;OUTROS;2.0;100.0;INDETERMINADO;GERAL;RENDA;10.0;0
MMPD11;0.0;110.61;1.01;0.0;0.0;FUNDO DE DESENVOLVIMENTO;ATIVA;;57970000.0;OUTROS;0.0;100.0;INDETERMINADO;INVESTIDOR QUALIFICADO;DESENVOLVIMENTO PARA VENDA;0.0;0
NVIF11B;49.69;13.42;0.0;0.0;0.0;FUNDO DE TIJOLO;ATIVA;0,28% A.A;126060000.0;HÍBRIDO;0.0;100.0;INDETERMINADO;INVESTIDOR QUALIFICADO;HÍBRIDOS;0.89;0
ORPD11;0.0;93.0;0.64;403.0;-28.31;FUNDO DE TIJOLO;ATIVA;"1,20% A.A SOBRE PL (ATÉ 100M); 1,0% A.A (ENTRE 100 E 200M); 0,80% A.A (MAIS DE 200M)";42390000.0;OUTROS;0.0;100.0;INDETERMINADO;GERAL;TÍTULOS E VALORES MOBILIÁRIOS;1.38;0
PABY11;0.0;24.4;22436.74;955.34;197.71;FUNDO DE TIJOLO;PASSIVA;1,99% A.A;835.24;HÍBRIDO;0.0;100.0;INDETERMINADO;GERAL;DESENVOLVIMENTO PARA VENDA;0.0;0
PATB11;0.0;0.0;0.0;0.0;0.0;FUNDO DE TIJOLO;ATIVA;;557790000.0;HÍBRIDO;0.0;100.0;INDETERMINADO;GERAL;RENDA;0.0;0
PATC11;5.45;72.47;0.94;1100000.0;16.19;FUNDO DE TIJOLO;ATIVA;1,175% A.A;266870000.0;LAJES CORPORATIVAS;6.0;100.0;INDETERMINADO;GERAL;RENDA;0.34;0
PNDL11;0.46;1295.0;1.25;1200000.0;0.0;FUNDO DE DESENVOLVIMENTO;ATIVA;1,50% A.A.;118300000.0;OUTROS;0.0;100.0;DETERMINADO;INVESTIDOR QUALIFICADO;HÍBRIDOS;0.12;0
PRSV11;0.0;77.53;0.37;2300.0;-42.14;FUNDO DE TIJOLO;PASSIVA;0,375% A.A;40680000.0;LAJES CORPORATIVAS;2.0;100.0;INDETERMINADO;GERAL;RENDA;190.0;0
PRTS11;0.0;1.3;21.89;0.0;4.0;FUNDO DE TIJOLO;ATIVA;0,25% A.A. SOBRE PATRIMÔNIO LÍQUIDO;3310000.0;HÍBRIDO;2.0;100.0;DETERMINADO;INVESTIDOR QUALIFICADO;RENDA;0.05;0
RBCO11;0.0;43.5;0.51;254540.0;-17.89;FUNDO DE TIJOLO;ATIVA;1,25% A.A SOBRE PATRIMÔNIO LIQUIDO (MINIMO R$15.000,00 MENSAIS);322810000.0;LAJES CORPORATIVAS;4.0;100.0;INDETERMINADO;GERAL;RENDA;0.2;0
RBRI11;0.0;915.0;0.77;48500.0;-0.54;FUNDO DE DESENVOLVIMENTO;ATIVA;0,20% A.A. SOBRE PATRIMÔNIO LÍQUIDO;163030000.0;HÍBRIDO;0.0;100.0;INDETERMINADO;INVESTIDOR QUALIFICADO;RENDA;35.62;0
RBRM11;7.38;158665.27;5.76;0.0;34.8;FUNDO DE DESENVOLVIMENTO;ATIVA;0,20% A.A. SOBRE PATRIMÔNIO LÍQUIDO;14840000.0;OUTROS;0.0;100.0;INDETERMINADO;INVESTIDOR QUALIFICADO;RENDA;2002.09;0
RBTS11;4.57;1032.17;1.44;1100.0;3.25;FUNDO DE TIJOLO;ATIVA;0,12% A.A. SOBRE PATRIMÔNIO LÍQUIDO;40450000.0;OUTROS;0.0;100.0;DETERMINADO;INVESTIDOR QUALIFICADO;HÍBRIDOS;47.16;0
REIT11;15.58;199.0;0.69;384.0;6.73;FUNDO DE PAPEL;ATIVA;1,36% A.A. SOBRE PATRIMÔNIO LÍQUIDO;7590000.0;OUTROS;0.0;100.0;INDETERMINADO;INVESTIDOR QUALIFICADO;TÍTULOS E VALORES MOBILIÁRIOS;2.13;0
ROOF11;13.49;520.0;0.89;818.0;-27.02;FUNDO DE DESENVOLVIMENTO;ATIVA;0,30% A.A;45240000.0;OUTROS;0.0;100.0;DETERMINADO;INVESTIDOR QUALIFICADO;DESENVOLVIMENTO PARA VENDA;41.72;0
RSPD11;0.0;1266.21;1.14;3400.0;12.55;FUNDO DE DESENVOLVIMENTO;ATIVA;2,00% A.A. SOBRE PATRIMÔNIO LÍQUIDO;164860000.0;OUTROS;0.0;100.0;DETERMINADO;INVESTIDOR QUALIFICADO;DESENVOLVIMENTO PARA VENDA;35.03;0
SHOP11;0.0;68.0;0.0;228.5;0.0;FUNDO DE TIJOLO;ATIVA;0,20% A.A. SOBRE PATRIMÔNIO LÍQUIDO (MÍNIMO R$30.000,00 MENSAIS);70690000.0;HÍBRIDO;1.0;100.0;INDETERMINADO;GERAL;RENDA;6.75;0
SHSO11;10.89;93.03;0.97;0.0;0.0;OUTRO;ATIVA;0,32% A.A. SOBRE O PATRIMÔNIO LÍQUIDO DO FUNDO;19110000.0;TÍTULOS E VALORES MOBILIÁRIOS;0.0;100.0;INDETERMINADO;INVESTIDOR QUALIFICADO;TÍTULOS E VALORES MOBILIÁRIOS;0.82;0
SIGR11;13.04;98.49;0.97;340000.0;12.15;FUNDO DE PAPEL;ATIVA;;39570000.0;OUTROS;0.0;100.0;INDETERMINADO;INVESTIDOR QUALIFICADO;TÍTULOS E VALORES MOBILIÁRIOS;1.5;0
SOLR11;4.59;1055.7;1.15;302300.0;-0.03;FUNDO DE TIJOLO;ATIVA;0,45% A.A.;57580000.0;HÍBRIDO;0.0;100.0;INDETERMINADO;INVESTIDOR QUALIFICADO;HÍBRIDOS;4.77;0
SPVJ11;0.0;0.0;0.0;0.0;0.0;FUNDO DE TIJOLO;ATIVA;0,20% A.A. SOBRE PATRIMÔNIO LÍQUIDO;679320000.0;OUTROS;0.0;100.0;INDETERMINADO;INVESTIDOR QUALIFICADO;HÍBRIDOS;0.0;0
STRX11;5.86;129.53;0.79;0.0;-99.11;FUNDO DE TIJOLO;ATIVA;0,18% A.A. SOBRE PATRIMÔNIO LÍQUIDO;264630000.0;HÍBRIDO;2.0;100.0;INDETERMINADO;GERAL;HÍBRIDOS;0.7;0
TCPF11;22.35;46.88;0.37;0.0;-7913.33;FUNDO DE DESENVOLVIMENTO;ATIVA;2,00% A.A.;37250000.0;HÍBRIDO;0.0;100.0;INDETERMINADO;GERAL;RENDA;1.16;0
VIDS11;0.0;1000.0;1.13;0.0;0.0;FUNDO DE DESENVOLVIMENTO;ATIVA;;78970000.0;HÍBRIDO;0.0;100.0;INDETERMINADO;GERAL;HÍBRIDOS;0.0;0
VJFD11;0.0;0.0;0.0;0.0;0.0;FUNDO MISTO;ATIVA;;650060000.0;HÍBRIDO;0.0;100.0;INDETERMINADO;INVESTIDOR QUALIFICADO;RENDA;0.0;0
VLOL11;5.77;97.39;0.93;138030.0;15.09;FUNDO DE TIJOLO;PASSIVA;0,25% A.A;187600000.0;LAJES CORPORATIVAS;1.0;100.0;INDETERMINADO;GERAL;RENDA;1.86;0
VTPL11;0.0;0.0;0.0;0.0;0.0;FUNDO DE PAPEL;PASSIVA;0,17% A.A. SOBRE PATRIMÔNIO LÍQUIDO;106310000.0;HÍBRIDO;1.0;100.0;INDETERMINADO;INVESTIDOR QUALIFICADO;RENDA;5.11;0
VXXV11;0.0;1030.0;0.94;4700000.0;10.4;FUNDO DE DESENVOLVIMENTO;ATIVA;0,35% A.A. SOBRE PATRIMÔNIO LÍQUIDO;294460000.0;OUTROS;2.0;100.0;INDETERMINADO;INVESTIDOR QUALIFICADO;RENDA;10.76;0
XPHT11;10.93;123.0;2.9;230900.0;25.56;FUNDO DE TIJOLO;ATIVA;7,25% DA RECEITA MENSAL DO FUNDO;393970000.0;HOTÉIS;11.0;100.0;INDETERMINADO;INVESTIDOR QUALIFICADO;RENDA;1.9;0
XTED11;0.0;8.82;0.66;17600.0;42.95;FUNDO DE TIJOLO;PASSIVA;0,20%A.A. DO PL;27740000.0;LAJES CORPORATIVAS;1.0;100.0;INDETERMINADO;GERAL;RENDA;11.16;0
ZIFI11;0.0;900.0;0.75;13300.0;-23.08;FUNDO DE DESENVOLVIMENTO;ATIVA;1,00% A.A;57160000.0;HÍBRIDO;0.0;100.0;INDETERMINADO;GERAL;DESENVOLVIMENTO PARA RENDA;3.3;0
