Fundo;Tipo de Fundo;Gestão;Segmento;PVP;Dy5anos;Dy12m;Cotação;Prazo de Duração;Taxa de ADM;Vacancia;Ult. Rendimento;QNT Imoveis;Pontuação
GSFI11;FUNDO DE TIJOLO;PASSIVA;SHOPPINGS / VAREJO;0.55;0;0.0;7.83;INDETERMINADO;1,05% A.A SOBRE PATRIMÔNIO LÍQUIDO;100.0;0.0;10.0;4
TJKB11;FUNDO DE TIJOLO;ATIVA;LAJES CORPORATIVAS;0.98;0;11.17;262.5;INDETERMINADO;0,45% A.A. SOBRE PATRIMÔNIO LÍQUIDO;100.0;2.62;6.0;3
ATSA11;FUNDO DE TIJOLO;PASSIVA;SHOPPINGS / VAREJO;0.7;0;0.44;56.97;INDETERMINADO;0,50% A.A SOBRE VALOR DE MERCADO;100.0;0.05;1.0;2
YUFI11;FUNDO DE TIJOLO;ATIVA;OUTROS;0.87;0;4.14;88.9;INDETERMINADO;0,10% A.A. SOBRE PATRIMÔNIO LÍQUIDO;100.0;0.39;30.0;2
BRIM11;FUNDO DE DESENVOLVIMENTO;ATIVA;OUTROS;0.69;0;25.57;775.44;DETERMINADO;1,5% A.A;100.0;35.73;0.0;2
SEED11;OUTRO;ATIVA;HÍBRIDO;1.1;0;11.39;99.23;DETERMINADO;;100.0;0.77;0.0;2
BTSG11;FUNDO DE TIJOLO;ATIVA;HÍBRIDO;1.0;0;7.71;137.24;INDETERMINADO;0,20% A.A. SOBRE PATRIMÔNIO LÍQUIDO (MÍNIMO R$25.000,00 MENSAIS);100.0;0.92;1.0;2
RBVO11;FUNDO DE PAPEL;ATIVA;OUTROS;0.47;0;2.33;8.33;DETERMINADO;0,75% A.A;100.0;0.03;0.0;1
CCME11;FUNDO MISTO;ATIVA;OUTROS;1.06;0;10.06;107.5;INDETERMINADO;;100.0;0.9;0.0;4
BLCA11;FUNDO DE TIJOLO;ATIVA;LAJES CORPORATIVAS;0.94;0;5.35;123.0;INDETERMINADO;1,15% A.A. SOBRE PATRIMÔNIO LÍQUIDO (MÍNIMO R$15.000,00 MENSAIS);100.0;0.57;1.0;2
ERPA11;FUNDO DE TIJOLO;PASSIVA;LAJES CORPORATIVAS;0.87;0;6.48;120.0;INDETERMINADO;0,17% A.A SOBRE PATRIMÔNIO LIQUIDO (MINIMO R$16.000,00 MENSAIS);100.0;0.72;10.0;2
HBCR11;FUNDO DE TIJOLO;ATIVA;LAJES CORPORATIVAS;1.15;0;4.95;118.47;INDETERMINADO;0,18% A.A. SOBRE PATRIMÔNIO LÍQUIDO;100.0;0.53;4.0;2
TRNT11;FUNDO DE TIJOLO;PASSIVA;LAJES CORPORATIVAS;0.64;0;4.0;125.57;INDETERMINADO;1,50% SOBRE RENDIMENTO MENSAL (MÍNIMO R$10.000,00 MENSAIS);100.0;0.42;1.0;3
BICE11;FUNDO DE FUNDOS;ATIVA;TÍTULOS E VALORES MOBILIÁRIOS;1.0;0;14.2;983.0;DETERMINADO;1,25% A.A. SOBRE PATRIMÔNIO LÍQUIDO (MÍNIMO R$60.000,00 MENSAIS);100.0;7.96;0.0;2
HUSI11;FUNDO DE TIJOLO;ATIVA;HOSPITALAR;1.03;0;9.1;1151.12;INDETERMINADO;0,30% A.A. SOBRE PATRIMÔNIO LÍQUIDO;100.0;8.41;0.0;3
CARE11;FUNDO DE TIJOLO;ATIVA;HÍBRIDO;0.19;0;0.0;1.65;INDETERMINADO;0;0.0;0.01;1.0;3
CNES11;FUNDO DE TIJOLO;ATIVA;LAJES CORPORATIVAS;0.25;0;5.3;22.89;INDETERMINADO;0,30% A.A SOBRE PATRIMÔNIO LIQUIDO (MINIMO R$30.000,00 MENSAIS);100.0;0.06;1.0;2
BPRP11;FUNDO DE TIJOLO;PASSIVA;LOGÍSTICO / INDÚSTRIA / GALPÕES;0.86;0;11.44;94.06;INDETERMINADO;0,25% A.A SOBRE PATRIMÔNIO LIQUIDO (MINIMO R$25.000,00 MENSAIS);100.0;0.9;1.0;3
TSER11;FUNDO DE TIJOLO;ATIVA;LAJES CORPORATIVAS;1.0;0;11.35;100.0;INDETERMINADO;1,00% A.A. SOBRE PATRIMÔNIO LÍQUIDO (R$25.000,00 MENSAIS);100.0;0.89;1.0;3
BRLA11;FUNDO DE TIJOLO;PASSIVA;HÍBRIDO;0.94;0;9.06;146.57;INDETERMINADO;0,20% A.A SOBRE PATRIMÔNIO LIQUIDO (MINIMO R$25.000,00 MENSAIS);100.0;1.43;6.0;3
KEVE11;FUNDO DE DESENVOLVIMENTO;PASSIVA;OUTROS;1.16;0;0.46;1064.0;DETERMINADO;1,45% A.A SOBRE PATRIMÔNIO LIQUIDO;100.0;19.57;0.0;1
CTXT11;FUNDO DE TIJOLO;PASSIVA;LAJES CORPORATIVAS;0.4;0;0.0;12.34;INDETERMINADO;0,265% A.A SOBRE PATRIMÔNIO LIQUIDO (MINIMO R$26.819,99 MENSAIS);100.0;0.01;1.0;2
BLCP11;FUNDO DE TIJOLO;ATIVA;OUTROS;0.81;0;0.0;91.0;INDETERMINADO;0,95% A.A;100.0;0.56;2.0;2
FMOF11;FUNDO DE TIJOLO;PASSIVA;LAJES CORPORATIVAS;0.45;0;0.85;54.0;INDETERMINADO;5,0% DAS RECEITAS BRUTAS AUFERIDAS;100.0;0.15;1.0;2
BLUR11;FUNDO DE PAPEL;ATIVA;OUTROS;1.07;0;12.36;101.2;INDETERMINADO;;100.0;1.03;0.0;3
HUCG11;FUNDO DE TIJOLO;PASSIVA;HOSPITALAR;0.87;0;5.74;87.0;INDETERMINADO;;100.0;0.2;2.0;2
SCPF11;FUNDO DE TIJOLO;ATIVA;SHOPPINGS / VAREJO;0.42;0;5.52;4.98;INDETERMINADO;4,0% A.A;100.0;0.02;1.0;2
BPML11;FUNDO DE TIJOLO;ATIVA;SHOPPINGS / VAREJO;0.64;0;1.72;84.01;INDETERMINADO;1,0% A.A SOBRE O PATRIMÔNIO LÍQUIDO (MÍNIMO DE R$ 20.000,00 MENSAIS);100.0;0.27;7.0;3
HSRE11;FUNDO MISTO;ATIVA;HÍBRIDO;1.11;0;7.18;104.0;INDETERMINADO;0,90% A.A. SOBRE PATRIMÔNIO LÍQUIDO;100.0;0.6;29.0;4
HAAA11;FUNDO DE TIJOLO;ATIVA;LAJES CORPORATIVAS;0.68;0;8.9;55.06;INDETERMINADO;0,60% A.A. SOBRE PATRIMÔNIO LÍQUIDO;100.0;0.29;2.0;3
SHPH11;FUNDO DE TIJOLO;PASSIVA;SHOPPINGS / VAREJO;0.89;0;6.06;792.01;INDETERMINADO;0,20% A.A SOBRE VALOR DE MERCADO;100.0;3.75;1.0;3
RBGS11;FUNDO DE TIJOLO;PASSIVA;SHOPPINGS / VAREJO;0.31;0;0.0;28.45;INDETERMINADO;0,23% A.A;100.0;0.18;1.0;2
DRIT11B;FUNDO DE TIJOLO;ATIVA;LAJES CORPORATIVAS;0.63;0;8.86;84.99;INDETERMINADO;0,15% A.A SOBRE PATRIMÔNIO LÍQUIDO (MÍNIMO DE R$5.000,00 MENSAIS);100.0;0.35;6.0;3
RMAI11;FUNDO DE TIJOLO;ATIVA;LAJES CORPORATIVAS;0.54;0;5.78;55.0;INDETERMINADO;0,30% A.A. SOBRE PATRIMÔNIO LÍQUIDO;100.0;0.26;2.0;2
ONEF11;FUNDO DE TIJOLO;PASSIVA;LAJES CORPORATIVAS;0.87;0;5.9;200.32;INDETERMINADO;0,25% A.A SOBRE PATRIMÔNIO LIQUIDO;100.0;1.02;1.0;2
BICR11;FUNDO DE PAPEL;ATIVA;TÍTULOS E VALORES MOBILIÁRIOS;0.92;0;16.68;65.01;INDETERMINADO;0,50% A.A;100.0;0.73;0.0;3
RBRP11;FUNDO DE TIJOLO;ATIVA;OUTROS;0.64;0;6.14;53.05;INDETERMINADO;0,12% A.A;100.0;0.25;17.0;3
RBIR11;FUNDO DE DESENVOLVIMENTO;ATIVA;OUTROS;0.84;0;4.76;86.39;DETERMINADO;2,0% A.A;100.0;2.02;0.0;1
RCRB11;FUNDO DE TIJOLO;ATIVA;LAJES CORPORATIVAS;0.73;0;5.92;152.14;INDETERMINADO;0,7% A.A SOBRE VALOR DE MERCADO (MINIMO R$25.000,00 MENSAIS);100.0;0.78;10.0;3
EDGA11;FUNDO DE TIJOLO;PASSIVA;LAJES CORPORATIVAS;0.36;0;6.13;22.06;INDETERMINADO;0,20% A.A SOBRE VALOR TOTAL DE ATIVOS (MINIMO R$30.000,00 MENSAIS);100.0;0.07;1.0;2
XPPR11;FUNDO DE TIJOLO;ATIVA;OUTROS;0.29;0;9.8;20.32;INDETERMINADO;0.95;95.0;0.1;5.0;4
CBOP11;FUNDO DE TIJOLO;PASSIVA;LAJES CORPORATIVAS;0.41;0;10.6;30.02;INDETERMINADO;1.05% A.A. DO PATRIMÔNIO LÍQUIDO;100.0;0.12;1.0;3
HGPO11;FUNDO DE TIJOLO;PASSIVA;LAJES CORPORATIVAS;0.92;0;6.96;273.9;INDETERMINADO;0,625% A.A;100.0;1.5;2.0;3
RBLG11;FUNDO DE TIJOLO;ATIVA;LOGÍSTICO / INDÚSTRIA / GALPÕES;1.0;0;10.56;102.0;INDETERMINADO;1,00% A.A SOBRE PATRIMÔNIO LÍQUIDO (MÍNIMO R$20.000,00 MENSAIS);100.0;0.95;2.0;3
WTSP11B;FUNDO DE TIJOLO;ATIVA;HÍBRIDO;0.5;0;6.8;36.0;INDETERMINADO;0,5% A.A SOBRE PATRIMÔNIO LIQUIDO (MINIMO R$50.000,00 MENSAIS);100.0;0.3;1.0;2
TRXB11;FUNDO DE DESENVOLVIMENTO;PASSIVA;HÍBRIDO;1.12;0;9.2;120.02;DETERMINADO;1,0% A.A SOBRE PATRIMÔNIO LÍQUIDO;100.0;0.92;11.0;2
HPDP11;FUNDO DE TIJOLO;PASSIVA;SHOPPINGS / VAREJO;0.93;0;7.54;83.0;INDETERMINADO;0,50% A.A SOBRE PATRIMÔNIO LIQUIDO;100.0;0.53;1.0;2
PLRI11;FUNDO DE PAPEL;ATIVA;TÍTULOS E VALORES MOBILIÁRIOS;0.62;0;8.49;17.99;INDETERMINADO;1,00% A.A;100.0;0.15;0.0;3
DAMT11B;FUNDO DE TIJOLO;ATIVA;HÍBRIDO;1.31;0;5.78;17.01;DETERMINADO;0,01% A.A;100.0;0.07;1.0;0
JSRE11;OUTRO;ATIVA;HÍBRIDO;0.65;0;7.77;72.72;INDETERMINADO;1% A.A. SOBRE VALOR DE MERCADO MÉDIO DO FUNDO;100.0;0.46;7.0;4
PVBI11;FUNDO DE TIJOLO;ATIVA;LAJES CORPORATIVAS;1.05;0;7.06;105.04;INDETERMINADO;1,0% A.A SOBRE O PATRIMÔNIO LÍQUIDO (MÍNIMO DE R$ 20.000,00 MENSAIS);100.0;0.7;4.0;4
HBRH11;FUNDO DE TIJOLO;ATIVA;HÍBRIDO;0.81;0;7.88;90.24;INDETERMINADO;0,86% A.A SOBRE PATRIMÔNIO LIQUIDO;100.0;0.52;5.0;2
KNRI11;FUNDO DE TIJOLO;ATIVA;HÍBRIDO;0.99;0;7.53;157.84;INDETERMINADO;1.25 A.A.;125.0;1.0;20.0;4
HGRE11;FUNDO DE TIJOLO;ATIVA;LAJES CORPORATIVAS;0.83;0;8.05;127.15;INDETERMINADO;1,0% AO ANO SOBRE PATRIMÔNIO LÍQUIDO;100.0;0.78;21.0;5
IBFF11;FUNDO DE FUNDOS;ATIVA;TÍTULOS E VALORES MOBILIÁRIOS;0.6;0;0.0;8.86;INDETERMINADO;0,20% A.A;100.0;14.79;0.0;2
BRCO11;FUNDO DE TIJOLO;ATIVA;LOGÍSTICO / INDÚSTRIA / GALPÕES;1.02;0;7.59;123.43;INDETERMINADO;0,0975% A.A SOBRE PATRIMÔNIO LIQUIDO;100.0;0.87;12.0;4
WPLZ11;FUNDO DE TIJOLO;PASSIVA;SHOPPINGS / VAREJO;0.69;0;9.32;60.7;INDETERMINADO;0,55% A.A;100.0;0.41;1.0;3
VILG11;FUNDO DE TIJOLO;ATIVA;LOGÍSTICO / INDÚSTRIA / GALPÕES;0.93;0;7.88;102.6;INDETERMINADO;0,95% A.A;100.0;0.7;16.0;4
TMPS11;OUTRO;ATIVA;TÍTULOS E VALORES MOBILIÁRIOS;0.92;0;7.85;98.0;DETERMINADO;0,90% A.A.;100.0;0.8;0.0;1
XPID11;INDETERMINADO;0,95%;OUTRO;0.91;0;0.0;87.15;ATIVA;-;0.0;0.0;0.0;3
FLMA11;FUNDO DE TIJOLO;ATIVA;HÍBRIDO;0.85;0;8.02;136.5;INDETERMINADO;2% DO RESULTADO A SER DISTRIBUÍDO AOS COTISTAS;100.0;1.05;2.0;3
HUSC11;FUNDO DE TIJOLO;PASSIVA;OUTROS;0.77;0;9.4;112.02;INDETERMINADO;0,35% A.A SOBRE PATRIMÔNIO LIQUIDO;100.0;0.92;1.0;3
VINO11;FUNDO DE TIJOLO;ATIVA;LAJES CORPORATIVAS;0.76;0;9.2;8.23;INDETERMINADO;1,20% A.A;100.0;0.06;10.0;5
FLRP11;FUNDO DE TIJOLO;PASSIVA;SHOPPINGS / VAREJO;1.07;0;8.4;1920.0;INDETERMINADO;9,0% A.M;100.0;13.5;1.0;3
FCFL11;FUNDO DE TIJOLO;PASSIVA;OUTROS;1.0;0;8.91;114.09;INDETERMINADO;0,30% A.A SOBRE VALOR TOTAL DOS ATIVOS (MINIMO R$30.000,00 MENSAIS);100.0;0.85;1.0;3
TEPP11;FUNDO DE TIJOLO;ATIVA;LAJES CORPORATIVAS;0.96;0;7.28;90.47;INDETERMINADO;1,17% A.A SOBRE PATRIMÔNIO LIQUIDO;100.0;0.58;5.0;3
HOFC11;FUNDO DE TIJOLO;ATIVA;LAJES CORPORATIVAS;0.24;0;9.51;21.14;INDETERMINADO;0,80% A.A.;100.0;0.11;4.0;3
LVBI11;FUNDO DE TIJOLO;ATIVA;LOGÍSTICO / INDÚSTRIA / GALPÕES;1.02;0;7.76;116.07;INDETERMINADO;1,30% A.A SOBRE O PATRIMÔNIO LÍQUIDO;100.0;0.79;10.0;4
HLOG11;FUNDO DE TIJOLO;ATIVA;LOGÍSTICO / INDÚSTRIA / GALPÕES;0.78;0;8.63;90.3;INDETERMINADO;0,7% A.A SOBRE PATRIMÔNIO LÍQUIDO;100.0;0.65;3.0;3
HGBS11;FUNDO DE TIJOLO;ATIVA;SHOPPINGS / VAREJO;1.02;0;7.98;228.47;INDETERMINADO;0,60% A.A;100.0;2.0;17.0;4
XPLG11;FUNDO DE TIJOLO;ATIVA;LOGÍSTICO / INDÚSTRIA / GALPÕES;1.01;0;8.13;110.96;INDETERMINADO;0,95% A.A SOBRE PATRIMÔNIO LIQUIDO (MINIMO R$25.000,00 MENSAIS);100.0;0.78;14.0;5
ABCP11;FUNDO DE TIJOLO;PASSIVA;SHOPPINGS / VAREJO;0.74;0;8.52;67.35;INDETERMINADO;0.1;1.0;0.6;1.0;4
MALL11;FUNDO DE TIJOLO;ATIVA;SHOPPINGS / VAREJO;0.96;0;8.27;115.5;INDETERMINADO;0,5% A.A;100.0;0.85;8.0;5
VISC11;FUNDO DE TIJOLO;ATIVA;SHOPPINGS / VAREJO;1.02;0;8.49;117.38;INDETERMINADO;1,35% A.A SOBRE PATRIMÔNIO LIQUIDO;100.0;0.92;20.0;5
FIIB11;FUNDO DE TIJOLO;PASSIVA;HÍBRIDO;1.13;0;8.13;520.0;INDETERMINADO;0;0.0;3.75;2.0;4
LUGG11;FUNDO DE TIJOLO;ATIVA;OUTROS;0.7;0;8.0;86.5;INDETERMINADO;0,76% A.A SOBRE PATRIMÔNIO LÍQUIDO (MINIMO DE R$20.000,00 MENSAIS);100.0;0.6;4.0;2
RBRS11;FUNDO DE TIJOLO;ATIVA;HÍBRIDO;0.59;0;9.09;55.25;INDETERMINADO;1,0% A.A SOBRE O PATRIMÔNIO LÍQUIDO (MÍNIMO DE R$ 35.000,00 MENSAIS);100.0;0.4;3.0;3
BTLG11;FUNDO DE TIJOLO;ATIVA;LOGÍSTICO / INDÚSTRIA / GALPÕES;1.02;0;8.96;100.13;INDETERMINADO;0,9% A.A. SOBRE O VALOR DE MERCADO;100.0;0.76;21.0;5
HGLG11;FUNDO DE TIJOLO;ATIVA;LOGÍSTICO / INDÚSTRIA / GALPÕES;1.04;0;9.23;159.06;INDETERMINADO;0,6% A.A;100.0;1.1;19.0;5
BRCR11;FUNDO DE TIJOLO;ATIVA;HÍBRIDO;0.56;0;9.85;54.97;INDETERMINADO;0,25% A.A SOBRE PATRIMÔNIO LIQUIDO;100.0;0.41;15.0;5
RBRL11;FUNDO DE TIJOLO;ATIVA;LOGÍSTICO / INDÚSTRIA / GALPÕES;0.84;0;8.76;88.86;INDETERMINADO;0,20% A.A SOBRE PATRIMÔNIO LIQUIDO (MINIMO R$20.000,00 MENSAIS);100.0;0.72;6.0;5
LGCP11;FUNDO DE TIJOLO;ATIVA;LOGÍSTICO / INDÚSTRIA / GALPÕES;0.87;0;8.76;84.7;INDETERMINADO;0,31% A.A. SOBRE O PL;100.0;0.64;5.0;3
ITIT11;FUNDO DE FUNDOS;PASSIVA;TÍTULOS E VALORES MOBILIÁRIOS;0.88;0;9.15;75.9;INDETERMINADO;0,30% A.A. SOBRE PATRIMÔNIO LÍQUIDO;100.0;0.57;0.0;3
NVHO11;FUNDO DE TIJOLO;ATIVA;HOSPITALAR;0.78;0;9.17;10.8;INDETERMINADO;0,10% A.A;100.0;0.08;1.0;4
XPCM11;FUNDO DE TIJOLO;PASSIVA;LAJES CORPORATIVAS;0.25;0;13.09;10.28;INDETERMINADO;0,80% A.A;100.0;0.07;1.0;3
XPML11;FUNDO DE TIJOLO;ATIVA;SHOPPINGS / VAREJO;0.99;0;9.4;111.06;INDETERMINADO;0,55% A.A;100.0;0.85;16.0;5
CPFF11;FUNDO DE FUNDOS;ATIVA;HÍBRIDO;0.9;0;8.94;74.99;INDETERMINADO;0,15% A.A;100.0;0.7;0.0;3
HGRU11;FUNDO DE TIJOLO;ATIVA;HÍBRIDO;1.05;0;9.11;129.17;INDETERMINADO;0,90% A.A SOBRE VALOR DE MERCADO DO FUNDO;100.0;0.85;89.0;5
EDFO11B;FUNDO DE TIJOLO;PASSIVA;LAJES CORPORATIVAS;1.05;0;10.95;190.04;INDETERMINADO;0,30% A.A;100.0;1.78;1.0;3
EURO11;FUNDO DE TIJOLO;PASSIVA;LOGÍSTICO / INDÚSTRIA / GALPÕES;0.76;0;9.11;249.0;INDETERMINADO;5,0% A.A;100.0;1.88;6.0;3
EVBI11;OUTRO;ATIVA;HÍBRIDO;0.98;0;9.5;96.5;INDETERMINADO;1,00% A.A SOBRE PATRIMÔNIO LÍQUIDO (MÍNIMO R$20.000,00 MENSAIS);100.0;0.75;4.0;3
SNID11;INDETERMINADO;0,95% A.A;OUTRO;1.02;0;6.74;100.93;ATIVA;-;0.0;0.0;0.0;2
KNIP11;FUNDO DE PAPEL;ATIVA;TÍTULOS E VALORES MOBILIÁRIOS;0.95;0;9.86;92.53;INDETERMINADO;1,00 % A.A;100.0;0.6;0.0;5
FIGS11;FUNDO DE TIJOLO;PASSIVA;SHOPPINGS / VAREJO;0.8;0;8.61;61.15;INDETERMINADO;0,20%A.A. S/ PATRIMÔNIO LÍQUIDO;100.0;0.45;2.0;3
RBIF11;INDETERMINADO;0,85% A.A.;OUTRO;1.03;0;11.5;98.03;ATIVA;-;0.0;0.0;0.0;3
CCRF11;FUNDO DE PAPEL;ATIVA;TÍTULOS E VALORES MOBILIÁRIOS;0.91;0;10.4;90.25;INDETERMINADO;1,00% A.A SOBRE PATRIMÔNIO LÍQUIDO;100.0;0.47;0.0;3
PQAG11;FUNDO DE TIJOLO;ATIVA;LOGÍSTICO / INDÚSTRIA / GALPÕES;1.0;0;9.22;57.25;INDETERMINADO;0,2% A.A;100.0;0.44;1.0;4
VVPR11;FUNDO DE TIJOLO;ATIVA;LAJES CORPORATIVAS;1.04;0;0.0;101.5;INDETERMINADO;1,05% A.A. SOBRE O PATRIMÔNIO LÍQUIDO DO FUNDO;100.0;0.89;6.0;3
HSLG11;FUNDO DE TIJOLO;ATIVA;LOGÍSTICO / INDÚSTRIA / GALPÕES;0.87;0;9.55;90.35;INDETERMINADO;0,95% A.A SOBRE PATRIMÔNIO LIQUIDO OU VALOR DE MERCADO DO FUNDO;100.0;0.74;5.0;4
SNFF11;FUNDO DE FUNDOS;ATIVA;TÍTULOS E VALORES MOBILIÁRIOS;0.95;0;9.79;87.85;INDETERMINADO;0,78% A.A;100.0;0.65;0.0;3
BCFF11;FUNDO DE FUNDOS;ATIVA;TÍTULOS E VALORES MOBILIÁRIOS;0.9;0;9.58;69.98;INDETERMINADO;0,15% A.A SOBRE PATRIMÔNIO LÍQUIDO (MÍNIMO DE R$25.000,00 MENSAIS);100.0;0.56;0.0;5
CXRI11;FUNDO DE FUNDOS;ATIVA;HÍBRIDO;0.87;0;8.47;80.97;INDETERMINADO;1,20% A.A SOBRE PATRIMÔNIO LIQUIDO DO FUNDO (MINIMO R$30.000,00 MENSAIS);100.0;0.58;0.0;3
OULG11;FUNDO DE TIJOLO;ATIVA;LOGÍSTICO / INDÚSTRIA / GALPÕES;0.58;0;11.13;38.74;INDETERMINADO;1,00% A.A SOBRE PATRIMÔNIO LIQUIDO;100.0;0.42;2.0;3
LASC11;FUNDO DE TIJOLO;ATIVA;SHOPPINGS / VAREJO;0.99;0;8.21;101.0;INDETERMINADO;1,10% A.A SOBRE PATRIMÔNIO LÍQUIDO (MINIMO R$105.000,00 MENSAIS);100.0;0.57;3.0;3
TRXF11;FUNDO DE TIJOLO;ATIVA;OUTROS;1.05;0;9.96;107.75;INDETERMINADO;1,00% A.A SOBRE PATRIMÔNIO LIQUIDO;100.0;0.9;44.0;5
HSML11;FUNDO DE TIJOLO;ATIVA;SHOPPINGS / VAREJO;0.98;0;9.35;92.6;INDETERMINADO;1,20% A.A;100.0;0.74;7.0;5
PATL11;FUNDO DE TIJOLO;ATIVA;LOGÍSTICO / INDÚSTRIA / GALPÕES;0.7;0;10.23;69.05;INDETERMINADO;0,73%;0.73;0.6;4.0;4
RCFF11;FUNDO DE FUNDOS;ATIVA;TÍTULOS E VALORES MOBILIÁRIOS;0.88;0;1.48;83.01;DETERMINADO;0,20% A.A. SOBRE PATRIMÔNIO LÍQUIDO;100.0;1.23;0.0;1
HGFF11;FUNDO DE FUNDOS;ATIVA;TÍTULOS E VALORES MOBILIÁRIOS;0.91;0;9.18;85.47;INDETERMINADO;0,80% A.A;100.0;0.7;0.0;3
XPIN11;FUNDO DE TIJOLO;ATIVA;OUTROS;0.83;0;9.77;84.62;INDETERMINADO;ENTRE 3,5% E 7,25% SOBRE O FATURAMENTO MENSAL (MÍNIMO DE R$ 25.000,00 POR MÊS);100.0;0.65;104.0;4
FAMB11B;FUNDO DE TIJOLO;PASSIVA;LAJES CORPORATIVAS;0.32;0;0.0;934.01;INDETERMINADO;2,50% A.M SOBRE RECEITA OPERACIONAL;100.0;9.16;1.0;2
RNGO11;FUNDO DE TIJOLO;PASSIVA;LAJES CORPORATIVAS;0.5;0;11.19;44.07;INDETERMINADO;0,22% A.A SOBRE PATRIMÔNIO LIQUIDO;100.0;0.36;4.0;3
FVPQ11;FUNDO DE TIJOLO;PASSIVA;SHOPPINGS / VAREJO;0.62;0;10.03;119.99;INDETERMINADO;0,12% A.A;100.0;1.2;1.0;4
TRBL11;FUNDO DE TIJOLO;ATIVA;LOGÍSTICO / INDÚSTRIA / GALPÕES;1.04;0;3.05;98.28;INDETERMINADO;0,84%;0.84;0.72;0.0;4
DPRO11;FUNDO DE TIJOLO;ATIVA;LOGÍSTICO / INDÚSTRIA / GALPÕES;0.91;0;9.11;89.2;INDETERMINADO;0,13% A.A;100.0;0.6;0.0;3
SDIL11;FUNDO DE TIJOLO;ATIVA;LOGÍSTICO / INDÚSTRIA / GALPÕES;0.99;0;7.71;96.09;INDETERMINADO;0,84% A.A;100.0;0.83;5.0;3
BTAL11;FUNDO DE TIJOLO;ATIVA;OUTROS;0.83;0;11.13;85.74;INDETERMINADO;1,10% AO ANO SOBRE PL;100.0;0.71;9.0;4
RBRD11;FUNDO DE TIJOLO;PASSIVA;HÍBRIDO;0.58;0;10.07;38.07;INDETERMINADO;0,17% A.A.;100.0;0.34;4.0;3
MGFF11;FUNDO DE FUNDOS;ATIVA;TÍTULOS E VALORES MOBILIÁRIOS;0.87;0;9.91;63.52;INDETERMINADO;0,20% A.A SOBRE PATRIMÔNIO LÍQUIDO (MÍNIMO DE R$23.000,00 MENSAIS);100.0;0.52;0.0;5
MFAI11;FUNDO DE FUNDOS;ATIVA;HÍBRIDO;0.84;0;10.07;61.43;INDETERMINADO;1,0% A.A SOBRE PATRIMÔNIO LÍQUIDO;100.0;0.5;0.0;3
HFOF11;FUNDO DE FUNDOS;ATIVA;TÍTULOS E VALORES MOBILIÁRIOS;0.9;0;10.09;74.55;INDETERMINADO;"0,6% A.A. SOBRE (I) O PATRIMÔNIO LÍQUIDO DO FUNDO; OU (II) SOBRE O VALOR DE MERCADO DO FUNDO, DESDE QUE PASSE A INTEGRAR O IFIX.";100.0;0.63;0.0;5
RBRF11;FUNDO DE FUNDOS;ATIVA;TÍTULOS E VALORES MOBILIÁRIOS;0.88;0;9.5;77.79;INDETERMINADO;0,20% A.A SOBRE PATRIMÔNIO LÍQUIDO (MÍNIMO DE R$23.000,00 MENSAIS);100.0;0.55;0.0;5
BCIA11;FUNDO DE FUNDOS;ATIVA;TÍTULOS E VALORES MOBILIÁRIOS;0.9;0;9.55;99.58;INDETERMINADO;0,50% A.A;100.0;0.85;0.0;3
CRFF11;FUNDO DE FUNDOS;ATIVA;TÍTULOS E VALORES MOBILIÁRIOS;0.89;0;9.2;81.05;INDETERMINADO;1,15% A.A SOBRE PATRIMÔNIO LIQUIDO DO FUNDO (MINIMO R$30.000,00 MENSAIS);100.0;0.63;0.0;3
PQDP11;FUNDO DE TIJOLO;PASSIVA;SHOPPINGS / VAREJO;0.63;0;10.66;1950.0;INDETERMINADO;0,23% A.A;100.0;19.81;1.0;4
GGRC11;FUNDO DE TIJOLO;ATIVA;LOGÍSTICO / INDÚSTRIA / GALPÕES;1.0;0;10.48;113.65;INDETERMINADO;1,10% A.A.;100.0;0.95;20.0;5
NSLU11;FUNDO DE TIJOLO;PASSIVA;HOSPITALAR;0.94;0;9.79;187.37;INDETERMINADO;2,50% SOBRE TOTAL DA RECEITA MENSAL (MINIMO R$18.000,00 MENSAIS);100.0;1.56;1.0;3
BTCI11;FUNDO DE PAPEL;ATIVA;TÍTULOS E VALORES MOBILIÁRIOS;0.96;0;12.61;9.85;INDETERMINADO;0,95%;0.95;0.1;0.0;6
VIFI11;FUNDO DE FUNDOS;ATIVA;TÍTULOS E VALORES MOBILIÁRIOS;0.86;0;9.77;8.08;INDETERMINADO;0,95% A.A SOBRE PATRIMÔNIO LIQUIDO;100.0;0.07;0.0;3
ZAVI11;FUNDO MISTO;ATIVA;HÍBRIDO;0.93;0;10.74;127.23;INDETERMINADO;1,25% A.A.;100.0;1.16;0.0;3
FIIP11B;FUNDO DE TIJOLO;PASSIVA;HÍBRIDO;0.87;0;9.41;175.95;INDETERMINADO;R$17.426,00 MENSAIS;17426000000.0;1.44;7.0;3
KFOF11;FUNDO DE FUNDOS;ATIVA;TÍTULOS E VALORES MOBILIÁRIOS;0.98;0;9.42;97.43;INDETERMINADO;0,92% A.A SOBRE PATRIMÔNIO LIQUIDO;100.0;0.8;0.0;4
NCRI11;FUNDO DE PAPEL;ATIVA;TÍTULOS E VALORES MOBILIÁRIOS;0.85;0;10.98;8.71;INDETERMINADO;;100.0;0.07;0.0;3
MORE11;FUNDO DE FUNDOS;ATIVA;TÍTULOS E VALORES MOBILIÁRIOS;0.85;0;9.81;73.7;INDETERMINADO;0,6% A.A;100.0;0.65;0.0;3
FATN11;FUNDO DE TIJOLO;ATIVA;HÍBRIDO;0.94;0;10.82;92.95;INDETERMINADO;0,80% A.A SOBRE PATRIMÔNIO LIQUIDO (MINIMO R$18.000,00 MENSAIS);100.0;0.85;25.0;3
VCJR11;FUNDO DE PAPEL;ATIVA;TÍTULOS E VALORES MOBILIÁRIOS;0.95;0;11.07;91.76;INDETERMINADO;1,60% A.A SOBRE PATRIMÔNIO LIQUIDO;100.0;0.65;0.0;5
RECT11;OUTRO;ATIVA;HÍBRIDO;0.47;0;13.08;43.9;INDETERMINADO;0,17% A.A;100.0;0.4;9.0;4
VCRR11;FUNDO DE TIJOLO;ATIVA;OUTROS;0.58;0;11.11;73.86;INDETERMINADO;0,80% A.A SOBRE PATRIMÔNIO LIQUIDO (MINIMO R$35.000,00 MENSAIS);100.0;0.69;0.0;3
BREV11;FUNDO DE TIJOLO;ATIVA;HÍBRIDO;0.89;0;7.15;105.0;INDETERMINADO;1% A.A SOBRE PATRIMÔNIO LIQUIDO;100.0;0.58;13.0;2
HGIC11;FUNDO DE PAPEL;ATIVA;TÍTULOS E VALORES MOBILIÁRIOS;0.52;0;11.67;105.0;INDETERMINADO;0,75% A.A;100.0;1.06;0.0;3
KISU11;FUNDO DE FUNDOS;ATIVA;TÍTULOS E VALORES MOBILIÁRIOS;0.91;0;10.77;8.32;INDETERMINADO;0,65% A.A SOBRE PATRIMÔNIO LIQUIDO (MINIMO R$15.000,00 MENSAIS);100.0;0.08;0.0;3
MAXR11;FUNDO DE TIJOLO;ATIVA;OUTROS;0.6;0;10.71;74.37;INDETERMINADO;0,15% A.A;100.0;0.73;10.0;3
GALG11;FUNDO DE TIJOLO;ATIVA;HÍBRIDO;1.0;0;10.76;9.2;INDETERMINADO;0,95% - 1,01% A.A SOBRE PL (MÍNIMO R$40.000,00 MENSAIS);100.0;0.08;5.0;4
KDIF11;INDETERMINADO;1,11%;OUTRO;1.02;0;10.36;134.96;ATIVA;-;0.0;0.0;0.0;4
VTLT11;FUNDO DE TIJOLO;ATIVA;LOGÍSTICO / INDÚSTRIA / GALPÕES;0.95;0;10.88;96.99;INDETERMINADO;0,95% A.A;100.0;0.88;1.0;3
VSLH11;FUNDO DE PAPEL;ATIVA;OUTROS;0.3;0;21.52;3.14;INDETERMINADO;DE 1,00% A.A ATÉ 0,80% A.A (MÍNIMO R$17.000,00 MENSAIS);100.0;0.03;0.0;3
VSHO11;FUNDO DE TIJOLO;ATIVA;SHOPPINGS / VAREJO;0.77;0;10.31;78.36;INDETERMINADO;0,75% A.A;100.0;0.74;3.0;3
RBFF11;FUNDO DE FUNDOS;ATIVA;TÍTULOS E VALORES MOBILIÁRIOS;0.87;0;10.07;60.0;INDETERMINADO;0,8% A.A SOBRE O PATRIMÔNIO LÍQUIDO DO FUNDO;100.0;0.51;0.0;3
KCRE11;FUNDO DE PAPEL;ATIVA;OUTROS;0.92;0;11.36;94.16;INDETERMINADO;;100.0;0.57;0.0;3
JFLL11;FUNDO DE TIJOLO;ATIVA;OUTROS;0.73;0;10.11;73.34;INDETERMINADO;1,15% A.A SOBRE PATRIMÔNIO LIQUIDO DO FUNDO (MINIMO R$30.000,00 MENSAIS);100.0;0.62;2.0;3
QAGR11;FUNDO DE TIJOLO;ATIVA;OUTROS;0.84;0;10.63;48.34;INDETERMINADO;0,25% SOBRE O PATRIMÔNIO LÍQUIDO;100.0;0.43;12.0;3
BLMR11;FUNDO DE FUNDOS;ATIVA;TÍTULOS E VALORES MOBILIÁRIOS;0.88;0;11.17;6.8;DETERMINADO;1,00% A.A SOBRE O PATRIMÔNIO LÍQUIDO (MÍNIMO DE R$ 15.000,00 MENSAIS);100.0;0.05;0.0;2
GCFF11;FUNDO DE FUNDOS;ATIVA;TÍTULOS E VALORES MOBILIÁRIOS;0.88;0;6.32;69.3;INDETERMINADO;1,00% A.A;100.0;0.75;0.0;2
SARE11;FUNDO MISTO;ATIVA;HÍBRIDO;0.51;0;14.57;47.95;INDETERMINADO;1,25% A.A;100.0;0.45;3.0;5
BPFF11;FUNDO DE FUNDOS;ATIVA;TÍTULOS E VALORES MOBILIÁRIOS;0.88;0;10.81;68.75;INDETERMINADO;0,4% A.A SOBRE PATRIMÔNIO LIQUIDO;100.0;0.62;0.0;3
KNSC11;FUNDO DE PAPEL;ATIVA;TÍTULOS E VALORES MOBILIÁRIOS;0.98;0;11.54;88.03;INDETERMINADO;1,20% A.A SOBRE PATRIMÔNIO LIQUIDO;100.0;0.75;0.0;5
CORM11;FUNDO DE TIJOLO;ATIVA;HÍBRIDO;0.89;0;0.0;81.0;INDETERMINADO;1,20% A.A. SOBRE PATRIMÔNIO LÍQUIDO (MÍNIMO R$25.000,00 MENSAIS);100.0;0.77;0.0;2
BTRA11;OUTRO;ATIVA;FIAGROS;0.52;0;14.53;64.95;INDETERMINADO;1,22% A.A SOBRE PATRIMÔNIO LIQUIDO (MÍNIMO R$5.000,00 MENSAIS);100.0;0.56;6.0;3
CPTS11;FUNDO DE PAPEL;ATIVA;TÍTULOS E VALORES MOBILIÁRIOS;0.9;0;10.83;8.05;INDETERMINADO;1,05% A.A SOBRE PATRIMÔNIO LÍQUIDO (MINIMO R$30.000,00 MENSAIS);100.0;0.05;0.0;5
VIUR11;FUNDO DE TIJOLO;ATIVA;TÍTULOS E VALORES MOBILIÁRIOS;0.86;0;11.08;7.83;INDETERMINADO;0,85% A.A SOBRE PATRIMÔNIO LIQUIDO;100.0;0.07;6.0;3
TORD11;OUTRO;ATIVA;OUTROS;0.17;0;11.32;2.12;INDETERMINADO;1,50% A.A SOBRE PATRIMÔNIO LÍQUIDO;100.0;0.05;0.0;3
FEXC11;FUNDO DE PAPEL;ATIVA;TÍTULOS E VALORES MOBILIÁRIOS;0.91;0;3.29;83.5;INDETERMINADO;0,95% AO ANO SOBRE PL OU VALOR DE MERCADO;100.0;0.95;0.0;3
ASMT11;FUNDO DE TIJOLO;ATIVA;HÍBRIDO;0.53;0;3.29;46.81;INDETERMINADO;;100.0;0.77;3.0;2
MGCR11;FUNDO DE PAPEL;ATIVA;TÍTULOS E VALORES MOBILIÁRIOS;0.96;0;10.99;9.4;INDETERMINADO;0,20% A.A. SOBRE O VALOR PATRIMONIAL DO FUNDO;100.0;0.1;0.0;3
KNHF11;FUNDO MISTO;ATIVA;HÍBRIDO;1.01;0;1.78;104.61;INDETERMINADO;1,2% A.A;100.0;0.84;0.0;3
SNLG11;FUNDO DE TIJOLO;ATIVA;LOGÍSTICO / INDÚSTRIA / GALPÕES;0.83;0;6.11;28.6;INDETERMINADO;1%;1.0;0.35;0.0;3
CXAG11;FUNDO DE TIJOLO;PASSIVA;AGÊNCIAS BANCÁRIAS;0.69;0;11.44;79.83;INDETERMINADO;0,58% A.A. SOBRE PATRIMÔNIO LÍQUIDO;100.0;0.71;32.0;3
BIDB11;INDETERMINADO;0,80% A.A.;OUTRO;0.93;0;11.95;87.2;ATIVA;-;0.0;0.0;0.0;3
NEWL11;FUNDO DE TIJOLO;ATIVA;HÍBRIDO;0.79;0;11.09;107.81;INDETERMINADO;0,95% A.A;100.0;0.95;3.0;3
GLOG11;FUNDO DE TIJOLO;ATIVA;LOGÍSTICO / INDÚSTRIA / GALPÕES;0.61;0;12.79;63.03;INDETERMINADO;0,7%;0.7;0.63;0.0;4
VGIP11;FUNDO DE PAPEL;ATIVA;OUTROS;0.94;0;11.46;87.79;INDETERMINADO;1% A.A SOBRE PATRIMÔNIO LIQUIDO (MINIMO R$25.000,00 MENSAIS);100.0;0.8;0.0;5
RBRR11;FUNDO DE PAPEL;ATIVA;TÍTULOS E VALORES MOBILIÁRIOS;0.95;0;11.3;87.46;INDETERMINADO;0,2% A.A. SOBRE O PATRIMÔNIO LÍQ. DO FUNDO;100.0;0.65;0.0;5
RECX11;FUNDO DE FUNDOS;ATIVA;OUTROS;0.9;0;10.61;68.25;INDETERMINADO;0,95% A.A SOBRE PATRIMÔNIO LIQUIDO (MINIMO R$15.000,00 MENSAIS);100.0;0.36;0.0;3
MGLG11;FUNDO DE TIJOLO;ATIVA;LOGÍSTICO / INDÚSTRIA / GALPÕES;0.67;0;3.42;40.99;INDETERMINADO;1,00% A.A SOBRE PATRIMÔNIO LÍQUIDO;100.0;0.35;3.0;2
GTWR11;FUNDO DE TIJOLO;ATIVA;LAJES CORPORATIVAS;0.85;0;11.65;79.96;INDETERMINADO;0,25%A.A. SOBRE PATRIMÔNIO LÍQUIDO OU VALOR DE MERCADO DO FUNDO SE O FUNDO FIZER PARTE DE ÍNDICE DE MERCADO (IFIX);100.0;0.79;3.0;5
RFOF11;FUNDO DE FUNDOS;ATIVA;TÍTULOS E VALORES MOBILIÁRIOS;0.9;0;11.57;75.38;INDETERMINADO;0,80% A.A;100.0;0.75;0.0;3
BBFO11;FUNDO DE FUNDOS;PASSIVA;TÍTULOS E VALORES MOBILIÁRIOS;0.88;0;11.04;73.0;INDETERMINADO;0,50% A.A SOBRE PATRIMÔNIO LIQUIDO;100.0;0.61;0.0;3
RVBI11;FUNDO DE FUNDOS;ATIVA;TÍTULOS E VALORES MOBILIÁRIOS;0.93;0;11.04;82.71;INDETERMINADO;0,15% A.A SOBRE PATRIMÔNIO LÍQUIDO (MÍNIMO DE R$20.000,00 MENSAIS);100.0;0.75;0.0;3
IRDM11;FUNDO DE PAPEL;ATIVA;TÍTULOS E VALORES MOBILIÁRIOS;0.9;0;12.94;78.5;INDETERMINADO;0,17% A.A;100.0;0.8;0.0;5
BMLC11;FUNDO DE TIJOLO;PASSIVA;LAJES CORPORATIVAS;0.93;0;11.79;103.0;INDETERMINADO;0,20% A.A;100.0;0.76;2.0;3
HCTR11;FUNDO DE PAPEL;ATIVA;OUTROS;0.28;0;24.67;32.4;INDETERMINADO;0,21% A.A PL;100.0;0.27;0.0;5
KNHY11;FUNDO DE PAPEL;ATIVA;TÍTULOS E VALORES MOBILIÁRIOS;1.01;0;11.9;101.91;INDETERMINADO;1,60% A.A;100.0;0.9;0.0;5
IFRA11;INDETERMINADO;0,85%;OUTRO;0.99;0;11.65;103.7;ATIVA;-;0.0;0.0;0.0;4
RBED11;FUNDO DE TIJOLO;ATIVA;OUTROS;0.98;0;11.08;139.66;INDETERMINADO;0,37% A.A;100.0;1.43;7.0;3
BBPO11;FUNDO DE TIJOLO;PASSIVA;AGÊNCIAS BANCÁRIAS;0.98;0;11.22;96.75;INDETERMINADO;0.28;28.0;0.9;64.0;5
BIME11;OUTRO;ATIVA;HÍBRIDO;0.85;0;12.48;7.33;INDETERMINADO;1,50% A.A. SOBRE PATRIMÔNIO LÍQUIDO (MÍNIMO R$25.000,00 MENSAIS);100.0;0.08;2.0;3
CXCE11B;FUNDO DE TIJOLO;PASSIVA;LAJES CORPORATIVAS;0.62;0;12.14;40.25;INDETERMINADO;5,0% A.M SOBRE TOTAL DE RECEITAS DO FUNDO (MINIMO R$45.000,00 MENSAIS);100.0;0.38;1.0;3
BCRI11;FUNDO DE PAPEL;ATIVA;TÍTULOS E VALORES MOBILIÁRIOS;0.71;0;14.81;68.2;INDETERMINADO;1;1.0;0.7;0.0;5
RZTR11;OUTRO;ATIVA;HÍBRIDO;1.0;0;11.16;100.25;INDETERMINADO;1,25% A.A SOBRE PATRIMÔNIO LIQUIDO;100.0;1.1;14.0;5
XPSF11;FUNDO DE FUNDOS;ATIVA;OUTROS;0.93;0;11.19;8.2;INDETERMINADO;1% A.A SOBRE PATRIMÔNIO LIQUIDO (MINIMO R$25.000,00 MENSAIS);100.0;0.08;0.0;3
VRTA11;FUNDO DE PAPEL;ATIVA;TÍTULOS E VALORES MOBILIÁRIOS;0.95;0;12.06;87.97;INDETERMINADO;1,0% A.A SOBRE O PATRIMÔNIO LÍQUIDO (MÍNIMO DE R$ 25.000,00 MENSAIS);100.0;0.7;0.0;5
DVFF11;FUNDO DE FUNDOS;ATIVA;HÍBRIDO;0.85;0;11.16;82.9;INDETERMINADO;0,15% A.A. SOBRE O PATRIMÔNIO LÍQUIDO (MÍNIMO R$15.000,00 MENSAIS);100.0;0.8;0.0;3
PLOG11;FUNDO DE TIJOLO;ATIVA;LOGÍSTICO / INDÚSTRIA / GALPÕES;0.63;0;7.72;66.71;INDETERMINADO;0,7% A.A SOBRE PATRIMÔNIO LÍQUIDO (MINIMO R$44.322,87 MENSAIS);100.0;0.7;1.0;2
RECR11;FUNDO DE PAPEL;ATIVA;TÍTULOS E VALORES MOBILIÁRIOS;0.89;0;12.29;84.85;INDETERMINADO;0,20%;0.2;0.75;0.0;6
RELG11;FUNDO DE TIJOLO;ATIVA;HÍBRIDO;0.41;0;6.41;51.23;INDETERMINADO;0,175% A.A SOBRE PATRIMÔNIO LÍQUIDO (MÍNIMO R$15.000,00 MENSAIS);100.0;0.7;5.0;2
RZAT11;FUNDO DE TIJOLO;ATIVA;HÍBRIDO;0.87;0;12.72;87.17;INDETERMINADO;1,00% A.A;100.0;0.79;9.0;3
CVBI11;FUNDO DE PAPEL;ATIVA;TÍTULOS E VALORES MOBILIÁRIOS;0.95;0;12.45;90.67;INDETERMINADO;0,90% A.A. SOBRE O PATRIMÔNIO LÍQUIDO DO FUNDO;100.0;0.7;0.0;5
MATV11;OUTRO;ATIVA;TÍTULOS E VALORES MOBILIÁRIOS;0.95;0;4.62;86.63;INDETERMINADO;1,05% A.A. (MÍNIMO R$25.000,00 MENSAIS);100.0;0.6;0.0;2
SPTW11;FUNDO DE TIJOLO;PASSIVA;LAJES CORPORATIVAS;0.74;0;12.39;41.1;INDETERMINADO;0,25% A.A. SOBRE O VALOR DE MERCADO;100.0;0.46;1.0;3
RBVA11;FUNDO DE TIJOLO;ATIVA;OUTROS;1.03;0;10.77;110.9;INDETERMINADO;0,35% A.A;100.0;1.0;79.0;4
BARI11;FUNDO DE PAPEL;ATIVA;TÍTULOS E VALORES MOBILIÁRIOS;0.85;0;12.53;80.91;INDETERMINADO;1,305% A.A SOBRE PATRIMÔNIO LIQUIDO DO FUNDO (MINIMO R$16.500,00 MENSAIS);100.0;0.45;0.0;3
BBRC11;FUNDO DE TIJOLO;PASSIVA;OUTROS;1.06;0;11.07;114.8;INDETERMINADO;0,60% A.A;100.0;1.13;20.0;3
IRIM11;FUNDO DE PAPEL;ATIVA;HÍBRIDO;0.89;0;13.02;84.97;INDETERMINADO;1,03% A.A. SOBRE PATRIMÔNIO LÍQUIDO;100.0;0.78;0.0;3
FAED11;FUNDO DE TIJOLO;PASSIVA;OUTROS;0.71;0;12.01;155.96;INDETERMINADO;0.3 A.A.;3.0;1.5;3.0;4
XPCI11;FUNDO DE PAPEL;ATIVA;OUTROS;0.95;0;11.89;87.96;INDETERMINADO;1,00% A.A SOBRE PATRIMÔNIO LIQUIDO;100.0;0.95;0.0;5
CPTI11;INDETERMINADO;1%;OUTRO;0.99;0;12.64;99.04;ATIVA;-;0.0;0.0;0.0;3
CEOC11;FUNDO DE TIJOLO;PASSIVA;LAJES CORPORATIVAS;0.59;0;15.11;45.03;INDETERMINADO;0,20% A.A;100.0;0.43;1.0;3
ALZR11;FUNDO DE TIJOLO;ATIVA;LOGÍSTICO / INDÚSTRIA / GALPÕES;1.09;0;9.05;115.1;INDETERMINADO;0,20% A.A;100.0;0.83;15.0;5
CXCI11;ATIVA;-;FUNDO DE FUNDOS;0.88;0;11.75;84.95;;5.329;5329.0;0.0;0.0;2
ITIP11;FUNDO DE PAPEL;PASSIVA;TÍTULOS E VALORES MOBILIÁRIOS;1.0;0;12.25;77.0;INDETERMINADO;0,30% A.A. SOBRE PATRIMÔNIO LÍQUIDO;100.0;0.67;0.0;3
CXCO11;FUNDO DE TIJOLO;ATIVA;LAJES CORPORATIVAS;0.77;0;12.22;76.5;INDETERMINADO;0,25% A.A SOBRE PATRIMÔNIO LIQUIDO;100.0;0.74;10.0;3
DEVA11;FUNDO DE PAPEL;ATIVA;TÍTULOS E VALORES MOBILIÁRIOS;0.42;0;21.3;40.98;INDETERMINADO;0,70% A.A;100.0;0.49;0.0;5
ALZM11;FUNDO DE FUNDOS;ATIVA;TÍTULOS E VALORES MOBILIÁRIOS;1.0;0;11.63;91.44;INDETERMINADO;;100.0;0.8;0.0;3
SNCI11;OUTRO;ATIVA;TÍTULOS E VALORES MOBILIÁRIOS;1.01;0;12.48;99.74;INDETERMINADO;0,70% A.A SOBRE PATRIMÔNIO LÍQUIDO;100.0;1.0;0.0;3
BLMG11;FUNDO DE TIJOLO;ATIVA;LOGÍSTICO / INDÚSTRIA / GALPÕES;0.66;0;15.69;57.41;INDETERMINADO;0,95% A.A SOBRE PATRIMÔNIO LIQUIDO (MINIMO R$25.000,00 MENSAIS);100.0;0.68;4.0;3
HOSI11;FUNDO DE TIJOLO;ATIVA;HÍBRIDO;0.71;0;11.85;65.5;INDETERMINADO;0,30% A.A;100.0;0.45;1.0;3
MXRF11;FUNDO DE PAPEL;ATIVA;HÍBRIDO;1.11;0;12.12;10.97;INDETERMINADO;0,90% A.A (MÍNIMO DE R$ 60 MIL MENSAIS);100.0;0.11;3.0;5
SPXS11;OUTRO;ATIVA;HÍBRIDO;0.99;0;12.5;95.25;INDETERMINADO;0,80%;0.8;1.17;0.0;4
FPAB11;FUNDO DE TIJOLO;PASSIVA;LAJES CORPORATIVAS;0.53;0;10.32;203.0;INDETERMINADO;5,0% DAS RECEITAS BRUTAS AUFERIDAS;100.0;0.9;1.0;3
BLMC11;FUNDO DE PAPEL;ATIVA;OUTROS;0.81;0;12.09;81.29;INDETERMINADO;1,15% A.A SOBRE PATRIMÔNIO LIQUIDO DO FUNDO (MINIMO R$25.000,00 MENSAIS);100.0;0.68;0.0;3
JSAF11;FUNDO DE PAPEL;ATIVA;TÍTULOS E VALORES MOBILIÁRIOS;0.99;0;11.45;99.03;INDETERMINADO;1,00% A.A SOBRE PATRIMÔNIO LÍQUIDO;100.0;1.0;0.0;4
OUFF11;FUNDO DE FUNDOS;ATIVA;TÍTULOS E VALORES MOBILIÁRIOS;0.88;0;12.4;68.94;INDETERMINADO;0,35% A.A.;100.0;0.72;0.0;3
HREC11;FUNDO DE PAPEL;ATIVA;TÍTULOS E VALORES MOBILIÁRIOS;0.9;0;12.75;84.01;INDETERMINADO;0,70% A.A SOBRE PATRIMÔNIO LÍQUIDO;100.0;0.85;0.0;3
QAMI11;FUNDO DE PAPEL;ATIVA;HÍBRIDO;0.9;0;12.53;84.99;INDETERMINADO;1,00% A.A SOBRE O PATRIMÔNIO LÍQUIDO (MÍNIMO DE R$ 36.000,00 MENSAIS);100.0;1.0;0.0;3
BODB11;INDETERMINADO;0.9%;OUTRO;0.98;0;9.95;9.45;ATIVA;-;0.0;0.0;0.0;3
SEQR11;OUTRO;ATIVA;OUTROS;0.65;0;14.04;59.5;INDETERMINADO;1,24% A.A SOBRE PATRIMÔNIO LIQUIDO (MÍNIMO R$15.000,00 MENSAIS);100.0;0.72;4.0;3
AFHI11;FUNDO DE PAPEL;ATIVA;TÍTULOS E VALORES MOBILIÁRIOS;1.02;0;12.95;97.25;INDETERMINADO;1,00% A.A SOBRE PATRIMÔNIO LIQUIDO;100.0;1.05;0.0;3
MCCI11;FUNDO DE PAPEL;ATIVA;TÍTULOS E VALORES MOBILIÁRIOS;1.0;0;12.56;93.89;INDETERMINADO;0,20% AO ANO SOBRE O PATRIMÔNIO LÍQUIDO DO FUNDO;100.0;0.9;0.0;5
HGAG11;OUTRO;ATIVA;FIAGROS;0.99;0;27.52;23.58;INDETERMINADO;;100.0;0.15;0.0;3
HSAF11;FUNDO DE PAPEL;ATIVA;TÍTULOS E VALORES MOBILIÁRIOS;0.91;0;12.68;85.04;INDETERMINADO;1,00% A.A;100.0;0.7;0.0;3
GAME11;FUNDO DE PAPEL;ATIVA;HÍBRIDO;0.94;0;13.32;9.14;INDETERMINADO;1,10% A.A.;100.0;0.1;0.0;3
NAVT11;FUNDO DE PAPEL;ATIVA;TÍTULOS E VALORES MOBILIÁRIOS;0.86;0;13.07;83.38;INDETERMINADO;1,0% A.A SOBRE O PATRIMÔNIO LÍQUIDO (MÍNIMO DE R$ 20.000,00 MENSAIS);100.0;1.0;0.0;3
AIEC11;FUNDO DE TIJOLO;ATIVA;LAJES CORPORATIVAS;0.66;0;14.65;62.22;INDETERMINADO;0,75% A.A;100.0;0.76;2.0;3
HTMX11;FUNDO DE TIJOLO;ATIVA;HOTÉIS;1.17;0;11.49;153.26;INDETERMINADO;0,50% A.A;100.0;2.85;23.0;3
APTO11;FUNDO DE TIJOLO;ATIVA;HÍBRIDO;0.95;0;12.41;9.88;INDETERMINADO;1,35% A.A. SOBRE PATRIMÔNIO LÍQUIDO;100.0;0.1;6.0;3
FLCR11;FUNDO DE PAPEL;ATIVA;TÍTULOS E VALORES MOBILIÁRIOS;0.98;0;13.42;96.82;INDETERMINADO;1,0% A.A SOBRE O PATRIMÔNIO LÍQUIDO (MÍNIMO DE R$ 20.000,00 MENSAIS);100.0;1.0;0.0;3
VGHF11;FUNDO DE PAPEL;ATIVA;TÍTULOS E VALORES MOBILIÁRIOS;1.02;0;13.44;9.5;INDETERMINADO;0,90% A.A SOBRE PATRIMÔNIO LIQUIDO (MINIMO R$10.000,00 MENSAIS);100.0;0.1;0.0;5
MANA11;OUTRO;ATIVA;TÍTULOS E VALORES MOBILIÁRIOS;0.99;0;13.86;9.67;INDETERMINADO;1,00% A.A.;100.0;0.1;0.0;3
PORD11;FUNDO DE PAPEL;ATIVA;TÍTULOS E VALORES MOBILIÁRIOS;0.93;0;13.34;90.21;INDETERMINADO;0.9% A.A.;100.0;1.0;0.0;3
BTCR11;FUNDO DE PAPEL;ATIVA;TÍTULOS E VALORES MOBILIÁRIOS;0.97;0;1.02;88.0;INDETERMINADO;0,20% A.A SOBRE PATRIMÔNIO LIQUIDO;100.0;0.9;0.0;4
JURO11;INDETERMINADO;1%;OUTRO;1.03;0;11.81;106.0;ATIVA;-;0.0;0.0;0.0;4
MCHF11;FUNDO DE FUNDOS;ATIVA;TÍTULOS E VALORES MOBILIÁRIOS;0.95;0;13.16;9.04;INDETERMINADO;0,95% A.A.;100.0;0.09;0.0;3
IBCR11;FUNDO DE PAPEL;ATIVA;TÍTULOS E VALORES MOBILIÁRIOS;0.83;0;13.5;79.98;INDETERMINADO;1,00% A.A SOBRE PATRIMÔNIO LÍQUIDO (MÍNIMO R$75.000,00 MENSAIS);100.0;1.0;0.0;3
HGCR11;FUNDO DE PAPEL;ATIVA;TÍTULOS E VALORES MOBILIÁRIOS;1.04;0;13.32;105.71;INDETERMINADO;0,80% A.A;100.0;1.1;0.0;5
BTAG11;INDETERMINADO;0,25% A.A;OUTRO;0.95;0;11.09;94.66;ATIVA;-%;100.0;0.0;0.0;2
HCHG11;FUNDO DE PAPEL;ATIVA;OUTROS;0.81;0;14.24;78.6;INDETERMINADO;0,20% A.A. SOBRE PATRIMÔNIO LÍQUIDO;100.0;0.55;0.0;3
KNCR11;FUNDO DE PAPEL;ATIVA;TÍTULOS E VALORES MOBILIÁRIOS;1.0;0;13.52;101.44;INDETERMINADO;1,00 % A.A;100.0;1.1;0.0;5
MFII11;FUNDO DE TIJOLO;ATIVA;HÍBRIDO;0.94;0;14.18;93.2;INDETERMINADO;2,0% A.A SOBRE PATRIMÔNIO LÍQUIDO (MÍNIMO DE R$30.000,00 MENSAIS);100.0;1.08;9.0;3
RRCI11;FUNDO DE PAPEL;ATIVA;TÍTULOS E VALORES MOBILIÁRIOS;0.9;0;13.89;82.68;INDETERMINADO;1,0% A.A SOBRE O PATRIMÔNIO LÍQUIDO (MÍNIMO R$ 15.000,00 MENSAIS);100.0;0.95;0.0;3
RURA11;OUTRO;ATIVA;FIAGROS;1.05;0;13.88;10.5;INDETERMINADO;;100.0;0.12;0.0;5
SADI11;FUNDO DE PAPEL;ATIVA;TÍTULOS E VALORES MOBILIÁRIOS;0.89;0;14.43;85.2;INDETERMINADO;1,00% A.A;100.0;1.0;0.0;3
TGAR11;FUNDO DE TIJOLO;ATIVA;OUTROS;1.07;0;13.57;121.35;INDETERMINADO;1,50% A.A;100.0;1.43;0.0;5
BBFI11B;FUNDO DE TIJOLO;PASSIVA;LAJES CORPORATIVAS;0.44;0;23.5;938.03;INDETERMINADO;3% A.M SOBRE RECEITA (MINIMO R$36.000,00 MENSAIS);100.0;7.59;2.0;3
VOTS11;FUNDO DE PAPEL;ATIVA;TÍTULOS E VALORES MOBILIÁRIOS;0.87;0;14.05;81.99;INDETERMINADO;1,00% A.A;100.0;0.77;0.0;3
RBRY11;FUNDO DE PAPEL;ATIVA;TÍTULOS E VALORES MOBILIÁRIOS;1.02;0;14.02;100.34;INDETERMINADO;0,20% A.A SOBRE PATRIMÔNIO LIQUIDO DO FUNDO (MINIMO R$20.000,00 MENSAIS);100.0;1.2;0.0;5
GCRI11;FUNDO DE PAPEL;ATIVA;TÍTULOS E VALORES MOBILIÁRIOS;0.93;0;14.43;87.9;INDETERMINADO;1,00% A.A SOBRE PATRIMÔNIO LÍQUIDO (MÍNIMO R$20.000,00 MENSAIS);100.0;0.95;0.0;3
CYCR11;FUNDO DE PAPEL;ATIVA;OUTROS;0.97;0;12.97;9.4;INDETERMINADO;1,00% A.A SOBRE PATRIMÔNIO LÍQUIDO (MÍNIMO R$20.000,00 MENSAIS);100.0;0.1;0.0;3
MORC11;FUNDO DE PAPEL;ATIVA;TÍTULOS E VALORES MOBILIÁRIOS;0.94;0;14.28;92.65;INDETERMINADO;0,95% A.A.;100.0;1.24;0.0;3
MGHT11;FUNDO DE TIJOLO;ATIVA;HOTÉIS;0.61;0;16.54;50.56;INDETERMINADO;0,85% A.A;100.0;0.5;1.0;3
WSEC11;FUNDO DE PAPEL;ATIVA;TÍTULOS E VALORES MOBILIÁRIOS;0.85;0;13.98;86.49;INDETERMINADO;1,00% A.A.;100.0;0.99;0.0;3
PLCR11;FUNDO DE PAPEL;ATIVA;HÍBRIDO;0.99;0;13.27;91.18;INDETERMINADO;1,20% A.A;100.0;0.9;0.0;3
HCRI11;FUNDO DE TIJOLO;PASSIVA;HOSPITALAR;0.93;0;11.25;288.0;INDETERMINADO;2,0% A.M;100.0;2.66;1.0;3
PLCA11;OUTRO;ATIVA;FIAGROS;0.93;0;15.1;88.5;INDETERMINADO;;100.0;1.1;0.0;3
BROF11;FUNDO DE TIJOLO;ATIVA;LAJES CORPORATIVAS;0.61;0;5.41;63.84;INDETERMINADO;;100.0;0.54;0.0;3
KNCA11;OUTRO;ATIVA;FIAGROS;1.02;0;14.51;105.13;INDETERMINADO;;100.0;1.1;0.0;5
SNAG11;OUTRO;ATIVA;FIAGROS;1.0;0;13.73;10.18;INDETERMINADO;;100.0;0.1;0.0;4
RINV11;OUTRO;ATIVA;TÍTULOS E VALORES MOBILIÁRIOS;1.02;0;4.31;110.21;INDETERMINADO;1,00% A.A.;100.0;1.2;0.0;2
LIFE11;OUTRO;ATIVA;OUTROS;0.99;0;16.06;10.11;INDETERMINADO;;100.0;0.12;0.0;3
BNFS11;FUNDO DE TIJOLO;ATIVA;OUTROS;1.36;0;14.41;122.59;INDETERMINADO;0,4% A.A SOBRE PATRIMÔNIO LIQUIDO (MÍNIMO R$20.000,00 MENSAIS);100.0;1.41;18.0;2
RPRI11;FUNDO DE PAPEL;ATIVA;HÍBRIDO;0.98;0;13.83;99.9;INDETERMINADO;1,60%;1.6;0.8;0.0;4
HABT11;FUNDO DE PAPEL;ATIVA;TÍTULOS E VALORES MOBILIÁRIOS;0.92;0;15.1;89.95;INDETERMINADO;0,20% A.A.;100.0;1.0;0.0;5
BBGO11;OUTRO;ATIVA;FIAGROS;0.93;0;13.89;89.99;INDETERMINADO;;100.0;0.75;0.0;3
PEMA11;FUNDO DE PAPEL;ATIVA;OUTROS;0.59;0;17.49;42.0;INDETERMINADO;0,10% A.A. SOBRE PATRIMÔNIO LÍQUIDO;100.0;0.68;0.0;3
OURE11;FUNDO DE PAPEL;ATIVA;HÍBRIDO;0.82;0;15.07;75.2;INDETERMINADO;1,05% A.A SOBRE PATRIMÔNIO LÍQUIDO;100.0;0.8;6.0;3
NCHB11;FUNDO DE PAPEL;ATIVA;TÍTULOS E VALORES MOBILIÁRIOS;0.9;0;15.27;80.21;INDETERMINADO;0,20% A.A SOBRE PATRIMÔNIO LÍQUIDO (MÍNIMO DE R$13.000,00 MENSAIS);100.0;0.73;0.0;3
OUJP11;FUNDO DE PAPEL;ATIVA;TÍTULOS E VALORES MOBILIÁRIOS;0.98;0;14.86;96.4;INDETERMINADO;1,05% A.A (MÍNIMO DE R$28.250,00 MENSAIS);100.0;1.0;0.0;3
ARRI11;FUNDO DE PAPEL;ATIVA;TÍTULOS E VALORES MOBILIÁRIOS;0.98;0;14.96;8.74;INDETERMINADO;0,14% A.A;100.0;0.1;0.0;3
GCRA11;OUTRO;ATIVA;FIAGROS;0.89;0;16.3;87.25;INDETERMINADO;;100.0;1.1;0.0;3
RBHG11;FUNDO DE PAPEL;ATIVA;TÍTULOS E VALORES MOBILIÁRIOS;1.0;0;14.08;89.83;INDETERMINADO;1,00% A.A SOBRE PATRIMÔNIO LIQUIDO;100.0;1.05;0.0;3
URPR11;FUNDO DE PAPEL;ATIVA;OUTROS;0.9;0;16.4;90.0;INDETERMINADO;0,25% A.A;100.0;1.17;0.0;5
GRWA11;INDETERMINADO;;OUTRO;1.05;0;8.3;10.92;ATIVA;-;0.0;0.0;0.0;3
RBHY11;FUNDO DE PAPEL;ATIVA;TÍTULOS E VALORES MOBILIÁRIOS;1.01;0;15.22;93.2;INDETERMINADO;1,00% A.A SOBRE PATRIMÔNIO LIQUIDO;100.0;1.15;0.0;3
VGIR11;FUNDO DE PAPEL;ATIVA;TÍTULOS E VALORES MOBILIÁRIOS;1.01;0;15.18;9.67;INDETERMINADO;0,20% A.A SOBRE PATRIMÔNIO LIQUIDO (MINIMO R$20.000,00 MENSAIS);100.0;0.12;0.0;5
VCRI11;INDETERMINADO;;FUNDO DE PAPEL;0.87;0;15.49;8.37;ATIVA;-;0.0;0.0;0.0;3
DCRA11;OUTRO;ATIVA;FIAGROS;0.97;0;15.47;9.27;INDETERMINADO;;100.0;0.12;0.0;3
OGHY11;FUNDO DE PAPEL;ATIVA;TÍTULOS E VALORES MOBILIÁRIOS;1.11;0;7.43;10.5;INDETERMINADO;;100.0;0.13;0.0;2
JGPX11;OUTRO;ATIVA;FIAGROS;1.0;0;14.97;95.98;INDETERMINADO;;100.0;0.37;0.0;3
CDII11;INDETERMINADO;1% A.A;OUTRO;1.01;0;8.82;105.85;ATIVA;-;0.0;0.0;0.0;3
VCRA11;OUTRO;ATIVA;FIAGROS;0.93;0;16.38;96.18;INDETERMINADO;;100.0;1.1;0.0;3
RZAG11;OUTRO;ATIVA;FIAGROS;1.02;0;15.31;9.69;INDETERMINADO;;100.0;0.13;0.0;5
VGIA11;OUTRO;ATIVA;FIAGROS;0.98;0;17.67;9.32;INDETERMINADO;;100.0;0.12;0.0;5
IAAG11;OUTRO;ATIVA;FIAGROS;1.04;0;2.1;10.0;INDETERMINADO;;100.0;0.08;0.0;2
AGRX11;OUTRO;ATIVA;FIAGROS;1.06;0;16.17;10.71;INDETERMINADO;;100.0;0.15;0.0;3
XPCA11;OUTRO;ATIVA;FIAGROS;1.02;0;15.79;9.64;INDETERMINADO;;100.0;0.11;0.0;4
AAZQ11;OUTRO;ATIVA;FIAGROS;0.98;0;12.46;9.34;INDETERMINADO;1,2%;1.2;0.12;0.0;4
BDIF11;INDETERMINADO;0,75%;OUTRO;0.99;0;15.2;92.35;ATIVA;-;0.0;0.0;0.0;4
JPPA11;FUNDO DE PAPEL;ATIVA;TÍTULOS E VALORES MOBILIÁRIOS;0.99;0;16.68;96.53;INDETERMINADO;0,65% A.A SOBRE PATRIMÔNIO LIQUIDO;100.0;1.1;0.0;3
RZAK11;FUNDO DE PAPEL;ATIVA;TÍTULOS E VALORES MOBILIÁRIOS;0.99;0;16.53;92.01;INDETERMINADO;1,20% A.A SOBRE PATRIMÔNIO LIQUIDO (MÍNIMO R$25.000,00 MENSAIS);100.0;1.3;0.0;5
OIAG11;OUTRO;ATIVA;FIAGROS;0.96;0;17.32;9.48;INDETERMINADO;;100.0;0.13;0.0;3
FGAA11;OUTRO;ATIVA;FIAGROS;1.02;0;16.63;9.75;INDETERMINADO;;100.0;0.12;0.0;4
RBRX11;FUNDO DE FUNDOS;ATIVA;HÍBRIDO;0.96;0;15.84;91.71;INDETERMINADO;;100.0;1.05;0.0;3
NCRA11;OUTRO;ATIVA;FIAGROS;1.03;0;17.72;10.78;INDETERMINADO;1,2%;1.2;0.15;0.0;4
CACR11;FUNDO DE PAPEL;ATIVA;HÍBRIDO;1.02;0;16.83;104.0;INDETERMINADO;1,00% A.A SOBRE PATRIMÔNIO LÍQUIDO;100.0;1.42;0.0;3
CRAA11;OUTRO;ATIVA;FIAGROS;0.99;0;4.67;100.5;INDETERMINADO;;100.0;1.5;0.0;2
CPTR11;OUTRO;ATIVA;FIAGROS;0.97;0;16.89;9.53;INDETERMINADO;;100.0;0.1;0.0;4
MCHY11;FUNDO DE PAPEL;ATIVA;TÍTULOS E VALORES MOBILIÁRIOS;1.12;0;17.93;109.01;INDETERMINADO;1,05% A.A. SOBRE PATRIMÔNIO LÍQUIDO;100.0;1.3;0.0;3
LSAG11;OUTRO;ATIVA;FIAGROS;1.07;0;17.33;105.0;INDETERMINADO;;100.0;1.5;0.0;3
KIVO11;FUNDO DE PAPEL;ATIVA;OUTROS;0.96;0;17.74;92.0;INDETERMINADO;1,25% A.A. SOBRE PATRIMÔNIO LÍQUIDO (MÍNIMO R$20.000,00 MENSAIS);100.0;1.02;0.0;3
RBOP11;FUNDO DE TIJOLO;ATIVA;OUTROS;0.33;0;32.19;280.0;INDETERMINADO;1,1%;1.1;2.4;0.0;4
SRVD11;FUNDO DE PAPEL;ATIVA;TÍTULOS E VALORES MOBILIÁRIOS;-422.16;0;0.0;3.0;INDETERMINADO;1,05% A.A. SOBRE PATRIMÔNIO LÍQUIDO;100.0;0.2;0.0;2
CXTL11;FUNDO DE TIJOLO;PASSIVA;LOGÍSTICO / INDÚSTRIA / GALPÕES;0.69;0;6.53;285.21;INDETERMINADO;0,41% A.A;100.0;1.6;4.0;2
FZDA11;OUTRO;ATIVA;FIAGROS;0.54;0;1.87;121.0;INDETERMINADO;;100.0;2.26;0.0;2
EQIR11;OUTRO;ATIVA;TÍTULOS E VALORES MOBILIÁRIOS;1.04;0;13.04;10.1;INDETERMINADO;1,00% A.A SOBRE PATRIMÔNIO LIQUIDO;100.0;0.11;0.0;3
CJCT11;FUNDO DE TIJOLO;PASSIVA;LAJES CORPORATIVAS;1.06;0;0.91;69.0;INDETERMINADO;0,70% A.A;100.0;0.08;1.0;2
EGAF11;OUTRO;ATIVA;FIAGROS;1.0;0;16.88;98.82;INDETERMINADO;;100.0;1.29;0.0;3
NEWU11;FUNDO DE TIJOLO;ATIVA;LAJES CORPORATIVAS;1.07;0;2.08;73.3;INDETERMINADO;0,48% A.A.;100.0;0.2;3.0;2
KINP11;FUNDO DE TIJOLO;ATIVA;OUTROS;2.66;0;41.49;9.82;DETERMINADO;1,45% A.A SOBRE PATRIMÔNIO LIQUIDO;100.0;3.69;0.0;1
RNDP11;FUNDO DE PAPEL;ATIVA;TÍTULOS E VALORES MOBILIÁRIOS;0.79;0;9.02;135.51;INDETERMINADO;0,55% A.A;100.0;1.09;0.0;3
IDFI11;FUNDO MISTO;ATIVA;HÍBRIDO;0.88;0;17.9;25.96;DETERMINADO;0,3% A.A.;100.0;0.12;0.0;2
VVCR11;FUNDO DE PAPEL;ATIVA;TÍTULOS E VALORES MOBILIÁRIOS;0.91;0;20.09;20.0;DETERMINADO;0,90% A.A;100.0;0.02;0.0;2
BRIP11;FUNDO DE DESENVOLVIMENTO;ATIVA;HÍBRIDO;0.85;0;13.16;1000.0;DETERMINADO;2,0% A.A SOBRE PATRIMÔNIO LÍQUIDO (MÍNIMO DE R$60.000,00 MENSAIS);100.0;9.28;0.0;2
RBDS11;FUNDO DE TIJOLO;ATIVA;OUTROS;0.13;0;0.0;3.0;DETERMINADO;1,4% A.A;100.0;2.35;0.0;1
VSEC11;FUNDO DE PAPEL;ATIVA;OUTROS;0.07;0;780.95;0.21;DETERMINADO;0,70% A.A;100.0;0.08;0.0;2
KNRE11;FUNDO DE TIJOLO;ATIVA;OUTROS;0.67;0;61.33;0.55;DETERMINADO;1,0% A.A SOBRE PATRIMÔNIO LÍQUIDO;100.0;0.07;0.0;2
LOFT11B;FUNDO DE DESENVOLVIMENTO;ATIVA;OUTROS;2.84;0;0.0;29.9;INDETERMINADO;0,20% A.A;100.0;47.9;0.0;1
VVCO11;FUNDO DE TIJOLO;ATIVA;LAJES CORPORATIVAS;0.89;0;0.0;12.67;INDETERMINADO;1,20% A.A.;100.0;11.16;1.0;2
ALMI11;FUNDO DE TIJOLO;PASSIVA;LAJES CORPORATIVAS;0.35;0;0.0;703.33;INDETERMINADO;0,383% A.A SOBRE PATRIMÔNIO LIQUIDO (MINIMO R$30.000,00 MENSAIS);100.0;0.37;1.0;2
AURB11;FUNDO DE TIJOLO;ATIVA;LOGÍSTICO / INDÚSTRIA / GALPÕES;0.0;0;0.0;0.0;INDETERMINADO;1,00% A.A;100.0;0.76;2.0;2
BBIM11;FUNDO DE PAPEL;ATIVA;OUTROS;137.56;0;0.1;2347.77;DETERMINADO;0,30% A.A;100.0;0.1;0.0;0
BLMO11;FUNDO DE TIJOLO;ATIVA;LAJES CORPORATIVAS;0.54;0;4.7;17898.0;DETERMINADO;1,25% A.A;100.0;102.0;1.0;1
BPLC11;FUNDO MISTO;PASSIVA;HÍBRIDO;0.0;0;0.0;0.0;INDETERMINADO;;100.0;14.14;1.0;2
BTSI11;FUNDO DE DESENVOLVIMENTO;ATIVA;HÍBRIDO;0.87;0;5.51;104.0;INDETERMINADO;;100.0;0.73;0.0;2
BTWR11;FUNDO DE DESENVOLVIMENTO;PASSIVA;LAJES CORPORATIVAS;0.92;0;5.94;103.2;INDETERMINADO;0,80% A.A. SOBRE PATRIMÔNIO LÍQUIDO;100.0;0.55;1.0;2
BZEL11;FUNDO DE TIJOLO;ATIVA;LOGÍSTICO / INDÚSTRIA / GALPÕES;0.0;0;0.0;0.0;INDETERMINADO;0,2% A.A. SOBRE PATRIMÔNIO LÍQUIDO;100.0;0.0;0.0;2
CFHI11;FUNDO DE DESENVOLVIMENTO;ATIVA;OUTROS;1.45;0;0.0;935.66;INDETERMINADO;1% A.A;100.0;36.51;0.0;1
CVPR11;OUTRO;ATIVA;OUTROS;0.0;0;0.0;0.0;INDETERMINADO;;100.0;0.0;0.0;2
DLMT11;FUNDO DE TIJOLO;ATIVA;HÍBRIDO;0.0;0;0.0;0.0;INDETERMINADO;;100.0;0.0;5.0;2
ERCR11;FUNDO DE TIJOLO;PASSIVA;HÍBRIDO;0.68;0;6.26;37580.97;INDETERMINADO;0,10% A.A. SOBRE PATRIMÔNIO LÍQUIDO;100.0;4326.46;0.0;2
EXES11;FUNDO DE PAPEL;ATIVA;TÍTULOS E VALORES MOBILIÁRIOS;0.91;0;10.45;83.94;INDETERMINADO;;100.0;1.03;0.0;3
FISC11;FUNDO DE TIJOLO;ATIVA;LAJES CORPORATIVAS;1.37;0;2.34;158.22;INDETERMINADO;3,6% A.A;100.0;0.45;3.0;1
GESE11B;FUNDO DE TIJOLO;PASSIVA;OUTROS;0.61;0;15.66;1076.09;DETERMINADO;0,18% A.A;100.0;14.23;1.0;2
GTLG11;FUNDO DE TIJOLO;ATIVA;LOGÍSTICO / INDÚSTRIA / GALPÕES;1.06;0;10.06;63.99;INDETERMINADO;1,00% A.A SOBRE PATRIMÔNIO LÍQUIDO;100.0;60.62;5.0;3
HRDF11;FUNDO DE TIJOLO;ATIVA;HÍBRIDO;0.68;0;0.0;4.13;DETERMINADO;0,75% A.A SOBRE PATRIMÔNIO LIQUIDO;100.0;34.0;0.0;1
JASC11;FUNDO DE TIJOLO;ATIVA;OUTROS;0.97;0;5.01;99.48;INDETERMINADO;1,00% A.A.;100.0;0.52;0.0;3
JBFO11;FUNDO DE PAPEL;ATIVA;FUNDO DE FUNDOS;0.97;0;7.24;86.27;INDETERMINADO;1,00% A.A SOBRE PATRIMÔNIO LÍQUIDO;100.0;0.28;0.0;2
JRDM11;FUNDO DE TIJOLO;PASSIVA;SHOPPINGS / VAREJO;0.97;0;6.51;85.9;INDETERMINADO;0,20% A.A SOBRE PATRIMÔNIO LÍQUIDO (MÍNIMO DE R$30.000,00 MENSAIS);100.0;7.83;1.0;2
LAVF11;FUNDO MISTO;ATIVA;HÍBRIDO;0.0;0;0.0;0.0;INDETERMINADO;;100.0;1.98;0.0;2
LFTT11;FUNDO DE PAPEL;ATIVA;OUTROS;1.74;0;0.0;42.04;INDETERMINADO;0,20% A.A;100.0;2.93;70.0;1
LLAO11;FUNDO MISTO;ATIVA;HÍBRIDO;0.99;0;0.0;77.37;INDETERMINADO;2,00% A.A. SOBRE PATRIMÔNIO LÍQUIDO;100.0;0.0;2.0;2
LPLP11;FUNDO DE TIJOLO;ATIVA;OUTROS;1.08;0;19.08;501.89;INDETERMINADO;0,10% A.A. SOBRE PATRIMÔNIO LÍQUIDO;100.0;6.78;0.0;3
LSPA11;FUNDO DE PAPEL;ATIVA;OUTROS;0.88;0;9.16;100.49;INDETERMINADO;;100.0;0.81;0.0;3
MBRF11;FUNDO DE TIJOLO;ATIVA;OUTROS;0.6;0;0.0;679.0;INDETERMINADO;0,3% A.A SOBRE PATRIMÔNIO LIQUIDO (MINIMO R$18.000,00 MENSAIS);100.0;10.0;2.0;2
MMPD11;FUNDO DE DESENVOLVIMENTO;ATIVA;OUTROS;1.01;0;0.0;110.61;INDETERMINADO;;100.0;0.0;0.0;2
NVIF11B;FUNDO DE TIJOLO;ATIVA;HÍBRIDO;0.0;0;49.69;13.42;INDETERMINADO;0,28% A.A;100.0;0.89;0.0;3
ORPD11;FUNDO DE TIJOLO;ATIVA;OUTROS;0.64;0;0.0;93.0;INDETERMINADO;"1,20% A.A SOBRE PL (ATÉ 100M); 1,0% A.A (ENTRE 100 E 200M); 0,80% A.A (MAIS DE 200M)";100.0;1.38;0.0;2
PABY11;FUNDO DE TIJOLO;PASSIVA;HÍBRIDO;22436.74;0;0.0;24.4;INDETERMINADO;1,99% A.A;100.0;0.0;0.0;1
PATB11;FUNDO DE TIJOLO;ATIVA;HÍBRIDO;0.0;0;0.0;0.0;INDETERMINADO;;100.0;0.0;0.0;3
PATC11;FUNDO DE TIJOLO;ATIVA;LAJES CORPORATIVAS;0.94;0;5.45;72.47;INDETERMINADO;1,175% A.A;100.0;0.34;6.0;3
PNDL11;FUNDO DE DESENVOLVIMENTO;ATIVA;OUTROS;1.25;0;0.46;1295.0;DETERMINADO;1,50% A.A.;100.0;0.12;0.0;1
PRSV11;FUNDO DE TIJOLO;PASSIVA;LAJES CORPORATIVAS;0.37;0;0.0;77.53;INDETERMINADO;0,375% A.A;100.0;190.0;2.0;2
PRTS11;FUNDO DE TIJOLO;ATIVA;HÍBRIDO;21.89;0;0.0;1.3;DETERMINADO;0,25% A.A. SOBRE PATRIMÔNIO LÍQUIDO;100.0;0.05;2.0;0
RBCO11;FUNDO DE TIJOLO;ATIVA;LAJES CORPORATIVAS;0.51;0;0.0;43.5;INDETERMINADO;1,25% A.A SOBRE PATRIMÔNIO LIQUIDO (MINIMO R$15.000,00 MENSAIS);100.0;0.2;4.0;2
RBRI11;FUNDO DE DESENVOLVIMENTO;ATIVA;HÍBRIDO;0.77;0;0.0;915.0;INDETERMINADO;0,20% A.A. SOBRE PATRIMÔNIO LÍQUIDO;100.0;35.62;0.0;2
RBRM11;FUNDO DE DESENVOLVIMENTO;ATIVA;OUTROS;5.76;0;7.38;158665.27;INDETERMINADO;0,20% A.A. SOBRE PATRIMÔNIO LÍQUIDO;100.0;2002.09;0.0;1
RBTS11;FUNDO DE TIJOLO;ATIVA;OUTROS;1.44;0;4.57;1032.17;DETERMINADO;0,12% A.A. SOBRE PATRIMÔNIO LÍQUIDO;100.0;47.16;0.0;0
REIT11;FUNDO DE PAPEL;ATIVA;OUTROS;0.69;0;15.58;199.0;INDETERMINADO;1,36% A.A. SOBRE PATRIMÔNIO LÍQUIDO;100.0;2.13;0.0;3
ROOF11;FUNDO DE DESENVOLVIMENTO;ATIVA;OUTROS;0.89;0;13.49;520.0;DETERMINADO;0,30% A.A;100.0;41.72;0.0;2
RSPD11;FUNDO DE DESENVOLVIMENTO;ATIVA;OUTROS;1.14;0;0.0;1266.21;DETERMINADO;2,00% A.A. SOBRE PATRIMÔNIO LÍQUIDO;100.0;35.03;0.0;1
SHOP11;FUNDO DE TIJOLO;ATIVA;HÍBRIDO;0.0;0;0.0;68.0;INDETERMINADO;0,20% A.A. SOBRE PATRIMÔNIO LÍQUIDO (MÍNIMO R$30.000,00 MENSAIS);100.0;6.75;1.0;2
SHSO11;OUTRO;ATIVA;TÍTULOS E VALORES MOBILIÁRIOS;0.97;0;10.89;93.03;INDETERMINADO;0,32% A.A. SOBRE O PATRIMÔNIO LÍQUIDO DO FUNDO;100.0;0.82;0.0;3
SIGR11;FUNDO DE PAPEL;ATIVA;OUTROS;0.97;0;13.04;98.49;INDETERMINADO;;100.0;1.5;0.0;3
SOLR11;FUNDO DE TIJOLO;ATIVA;HÍBRIDO;1.15;0;4.59;1055.7;INDETERMINADO;0,45% A.A.;100.0;4.77;0.0;2
SPVJ11;FUNDO DE TIJOLO;ATIVA;OUTROS;0.0;0;0.0;0.0;INDETERMINADO;0,20% A.A. SOBRE PATRIMÔNIO LÍQUIDO;100.0;0.0;0.0;3
STRX11;FUNDO DE TIJOLO;ATIVA;HÍBRIDO;0.79;0;5.86;129.53;INDETERMINADO;0,18% A.A. SOBRE PATRIMÔNIO LÍQUIDO;100.0;0.7;2.0;2
TCPF11;FUNDO DE DESENVOLVIMENTO;ATIVA;HÍBRIDO;0.37;0;22.35;46.88;INDETERMINADO;2,00% A.A.;100.0;1.16;0.0;3
VIDS11;FUNDO DE DESENVOLVIMENTO;ATIVA;HÍBRIDO;1.13;0;0.0;1000.0;INDETERMINADO;;100.0;0.0;0.0;2
VJFD11;FUNDO MISTO;ATIVA;HÍBRIDO;0.0;0;0.0;0.0;INDETERMINADO;;100.0;0.0;0.0;3
VLOL11;FUNDO DE TIJOLO;PASSIVA;LAJES CORPORATIVAS;0.93;0;5.77;97.39;INDETERMINADO;0,25% A.A;100.0;1.86;1.0;2
VTPL11;FUNDO DE PAPEL;PASSIVA;HÍBRIDO;0.0;0;0.0;0.0;INDETERMINADO;0,17% A.A. SOBRE PATRIMÔNIO LÍQUIDO;100.0;5.11;1.0;2
VXXV11;FUNDO DE DESENVOLVIMENTO;ATIVA;OUTROS;0.94;0;0.0;1030.0;INDETERMINADO;0,35% A.A. SOBRE PATRIMÔNIO LÍQUIDO;100.0;10.76;2.0;3
XPHT11;FUNDO DE TIJOLO;ATIVA;HOTÉIS;2.9;0;10.93;123.0;INDETERMINADO;7,25% DA RECEITA MENSAL DO FUNDO;100.0;1.9;11.0;2
XTED11;FUNDO DE TIJOLO;PASSIVA;LAJES CORPORATIVAS;0.66;0;0.0;8.82;INDETERMINADO;0,20%A.A. DO PL;100.0;11.16;1.0;2
ZIFI11;FUNDO DE DESENVOLVIMENTO;ATIVA;HÍBRIDO;0.75;0;0.0;900.0;INDETERMINADO;1,00% A.A;100.0;3.3;0.0;2
