Fundo;Dy12m;Cotação;PVP;Liq. Diaria;Valorização (12m);Tipo de Fundo;Gestão;Taxa de ADM;Valor Patrimonial;Segmento;QNT Imoveis;Vacancia;Prazo de Duração;Público-Alvo;Mandato;Ult. Rendimento
GSFI11;0.0;7.94;0.56;0.56;67.02;FUNDO DE TIJOLO;PASSIVA;1,05% A.A SOBRE PATRIMÔNIO LÍQUIDO;1070000000.0;SHOPPINGS / VAREJO;10.0;100.0;INDETERMINADO;GERAL;RENDA;0.0
TJKB11;11.17;262.5;0.98;0.98;-70.37;FUNDO DE TIJOLO;ATIVA;0,45% A.A. SOBRE PATRIMÔNIO LÍQUIDO;202640000.0;LAJES CORPORATIVAS;6.0;100.0;INDETERMINADO;INVESTIDOR QUALIFICADO;RENDA;2.62
ATSA11;0.44;56.52;0.69;0.69;-29.08;FUNDO DE TIJOLO;PASSIVA;0,50% A.A SOBRE VALOR DE MERCADO;143180000.0;SHOPPINGS / VAREJO;1.0;100.0;INDETERMINADO;GERAL;DESENVOLVIMENTO PARA RENDA;0.05
YUFI11;4.14;88.9;0.87;0.87;-15.91;FUNDO DE TIJOLO;ATIVA;0,10% A.A. SOBRE PATRIMÔNIO LÍQUIDO;50080000.0;OUTROS;30.0;100.0;INDETERMINADO;INVESTIDOR QUALIFICADO;RENDA;0.39
BRIM11;24.44;811.17;0.72;0.72;-1.55;FUNDO DE DESENVOLVIMENTO;ATIVA;1,5% A.A;139260000.0;OUTROS;0.0;100.0;DETERMINADO;GERAL;HÍBRIDOS;35.73
SEED11;11.39;99.23;1.1;1.1;11.11;OUTRO;ATIVA;;147740000.0;HÍBRIDO;0.0;100.0;DETERMINADO;INVESTIDOR QUALIFICADO;HÍBRIDOS;0.77
BTSG11;7.71;137.24;1.0;1.0;52.68;FUNDO DE TIJOLO;ATIVA;0,20% A.A. SOBRE PATRIMÔNIO LÍQUIDO (MÍNIMO R$25.000,00 MENSAIS);106750000.0;HÍBRIDO;1.0;100.0;INDETERMINADO;GERAL;DESENVOLVIMENTO PARA RENDA;0.92
RBVO11;2.32;8.39;0.47;0.47;-23.17;FUNDO DE PAPEL;ATIVA;0,75% A.A;9270000.0;OUTROS;0.0;100.0;DETERMINADO;GERAL;RENDA;0.03
CCME11;9.16;108.5;1.07;1.07;16.77;FUNDO MISTO;ATIVA;;556110000.0;OUTROS;0.0;100.0;INDETERMINADO;INVESTIDOR QUALIFICADO;HÍBRIDOS;0.9
BLCA11;5.31;128.0;0.94;0.94;51.77;FUNDO DE TIJOLO;ATIVA;1,15% A.A. SOBRE PATRIMÔNIO LÍQUIDO (MÍNIMO R$15.000,00 MENSAIS);217450000.0;LAJES CORPORATIVAS;1.0;100.0;INDETERMINADO;GERAL;HÍBRIDOS;0.57
ERPA11;5.74;122.9;0.9;0.9;6.25;FUNDO DE TIJOLO;PASSIVA;0,17% A.A SOBRE PATRIMÔNIO LIQUIDO (MINIMO R$16.000,00 MENSAIS);68710000.0;LAJES CORPORATIVAS;10.0;100.0;INDETERMINADO;INVESTIDOR QUALIFICADO;RENDA;0.72
HBCR11;4.95;118.47;1.15;1.15;13.38;FUNDO DE TIJOLO;ATIVA;0,18% A.A. SOBRE PATRIMÔNIO LÍQUIDO;115220000.0;LAJES CORPORATIVAS;4.0;100.0;INDETERMINADO;GERAL;DESENVOLVIMENTO PARA RENDA;0.53
TRNT11;3.89;125.99;0.64;0.64;13.29;FUNDO DE TIJOLO;PASSIVA;1,50% SOBRE RENDIMENTO MENSAL (MÍNIMO R$10.000,00 MENSAIS);774150000.0;LAJES CORPORATIVAS;1.0;100.0;INDETERMINADO;GERAL;RENDA;0.42
BICE11;14.1;990.0;1.0;1.0;18.39;FUNDO DE FUNDOS;ATIVA;1,25% A.A. SOBRE PATRIMÔNIO LÍQUIDO (MÍNIMO R$60.000,00 MENSAIS);89200000.0;TÍTULOS E VALORES MOBILIÁRIOS;0.0;100.0;DETERMINADO;INVESTIDOR QUALIFICADO;TÍTULOS E VALORES MOBILIÁRIOS;7.96
HUSI11;9.04;1159.53;1.04;1.04;17.35;FUNDO DE TIJOLO;ATIVA;0,30% A.A. SOBRE PATRIMÔNIO LÍQUIDO;129420000.0;HOSPITALAR;0.0;100.0;INDETERMINADO;GERAL;DESENVOLVIMENTO PARA RENDA;8.41
CARE11;0.0;1.74;0.21;0.21;-56.93;FUNDO DE TIJOLO;ATIVA;0;297350000.0;HÍBRIDO;1.0;0.0;INDETERMINADO;GERAL;TÍTULOS E VALORES MOBILIÁRIOS;0.01
CNES11;5.28;23.0;0.25;0.25;-27.43;FUNDO DE TIJOLO;ATIVA;0,30% A.A SOBRE PATRIMÔNIO LIQUIDO (MINIMO R$30.000,00 MENSAIS);267660000.00000003;LAJES CORPORATIVAS;1.0;100.0;INDETERMINADO;GERAL;RENDA;0.06
BPRP11;10.27;96.0;0.88;0.88;10.15;FUNDO DE TIJOLO;PASSIVA;0,25% A.A SOBRE PATRIMÔNIO LIQUIDO (MINIMO R$25.000,00 MENSAIS);147330000.0;LOGÍSTICO / INDÚSTRIA / GALPÕES;1.0;100.0;INDETERMINADO;INVESTIDOR QUALIFICADO;RENDA;0.9
TSER11;11.35;100.0;1.0;1.0;7.22;FUNDO DE TIJOLO;ATIVA;1,00% A.A. SOBRE PATRIMÔNIO LÍQUIDO (R$25.000,00 MENSAIS);128880000.0;LAJES CORPORATIVAS;1.0;100.0;INDETERMINADO;GERAL;RENDA;0.89
BRLA11;8.83;146.57;0.94;0.94;9.59;FUNDO DE TIJOLO;PASSIVA;0,20% A.A SOBRE PATRIMÔNIO LIQUIDO (MINIMO R$25.000,00 MENSAIS);499640000.0;HÍBRIDO;6.0;100.0;INDETERMINADO;INVESTIDOR QUALIFICADO;RENDA;0.82
KEVE11;0.47;1049.0;1.14;1.14;12.98;FUNDO DE DESENVOLVIMENTO;PASSIVA;1,45% A.A SOBRE PATRIMÔNIO LIQUIDO;136060000.0;OUTROS;0.0;100.0;DETERMINADO;INVESTIDOR QUALIFICADO;DESENVOLVIMENTO PARA VENDA;19.57
CTXT11;0.0;12.52;0.4;0.4;-0.32;FUNDO DE TIJOLO;PASSIVA;0,265% A.A SOBRE PATRIMÔNIO LIQUIDO (MINIMO R$26.819,99 MENSAIS);107320000.0;LAJES CORPORATIVAS;1.0;100.0;INDETERMINADO;GERAL;DESENVOLVIMENTO PARA RENDA;0.01
BLCP11;0.62;91.0;0.81;0.81;14.97;FUNDO DE TIJOLO;ATIVA;0,95% A.A;256580000.0;OUTROS;2.0;100.0;INDETERMINADO;INVESTIDOR QUALIFICADO;RENDA;0.56
FMOF11;0.8;57.66;0.49;0.49;-10.49;FUNDO DE TIJOLO;PASSIVA;5,0% DAS RECEITAS BRUTAS AUFERIDAS;60350000.0;LAJES CORPORATIVAS;1.0;100.0;INDETERMINADO;GERAL;RENDA;0.15
BLUR11;12.36;99.99;1.07;1.07;10.43;FUNDO DE PAPEL;ATIVA;;8410000.0;OUTROS;0.0;100.0;INDETERMINADO;GERAL;HÍBRIDOS;1.03
HUCG11;5.63;92.0;0.89;0.89;-1.01;FUNDO DE TIJOLO;PASSIVA;;116270000.0;HOSPITALAR;2.0;100.0;INDETERMINADO;GERAL;DESENVOLVIMENTO PARA RENDA;0.2
SCPF11;5.45;4.98;0.43;0.43;-13.07;FUNDO DE TIJOLO;ATIVA;4,0% A.A;49070000.0;SHOPPINGS / VAREJO;1.0;100.0;INDETERMINADO;GERAL;RENDA;0.02
BPML11;1.68;85.99;0.65;0.65;35.35;FUNDO DE TIJOLO;ATIVA;1,0% A.A SOBRE O PATRIMÔNIO LÍQUIDO (MÍNIMO DE R$ 20.000,00 MENSAIS);569110000.0;SHOPPINGS / VAREJO;7.0;100.0;INDETERMINADO;GERAL;RENDA;0.27
HSRE11;7.18;104.0;1.11;1.11;11.42;FUNDO MISTO;ATIVA;0,90% A.A. SOBRE PATRIMÔNIO LÍQUIDO;831960000.0;HÍBRIDO;29.0;100.0;INDETERMINADO;GERAL;RENDA;0.6
HAAA11;8.73;56.21;0.69;0.69;-32.1;FUNDO DE TIJOLO;ATIVA;0,60% A.A. SOBRE PATRIMÔNIO LÍQUIDO;279320000.0;LAJES CORPORATIVAS;2.0;100.0;INDETERMINADO;GERAL;RENDA;0.29
SHPH11;6.07;789.99;0.89;0.89;5.51;FUNDO DE TIJOLO;PASSIVA;0,20% A.A SOBRE VALOR DE MERCADO;542430000.0;SHOPPINGS / VAREJO;1.0;100.0;INDETERMINADO;GERAL;RENDA;3.75
RBGS11;0.0;28.45;0.31;0.31;0.0;FUNDO DE TIJOLO;PASSIVA;0,23% A.A;97870000.0;SHOPPINGS / VAREJO;1.0;100.0;INDETERMINADO;GERAL;RENDA;0.18
DRIT11B;8.91;83.03;0.63;0.63;-4.89;FUNDO DE TIJOLO;ATIVA;0,15% A.A SOBRE PATRIMÔNIO LÍQUIDO (MÍNIMO DE R$5.000,00 MENSAIS);61420000.0;LAJES CORPORATIVAS;6.0;100.0;INDETERMINADO;GERAL;DESENVOLVIMENTO PARA RENDA;0.35
RMAI11;5.78;54.0;0.54;0.54;29.5;FUNDO DE TIJOLO;ATIVA;0,30% A.A. SOBRE PATRIMÔNIO LÍQUIDO;242380000.0;LAJES CORPORATIVAS;2.0;100.0;INDETERMINADO;GERAL;RENDA;0.26
ONEF11;5.87;200.89;0.87;0.87;24.82;FUNDO DE TIJOLO;PASSIVA;0,25% A.A SOBRE PATRIMÔNIO LIQUIDO;209480000.0;LAJES CORPORATIVAS;1.0;100.0;INDETERMINADO;GERAL;RENDA;1.02
BICR11;17.5;57.5;0.56;0.56;-33.48;FUNDO DE PAPEL;ATIVA;0,50% A.A;51180000.0;TÍTULOS E VALORES MOBILIÁRIOS;0.0;100.0;INDETERMINADO;GERAL;RENDA;0.73
RBRP11;5.99;53.99;0.65;0.65;-5.4;FUNDO DE TIJOLO;ATIVA;0,12% A.A;1000000000.0;OUTROS;17.0;100.0;INDETERMINADO;GERAL;RENDA;0.25
RBIR11;4.76;86.53;0.84;0.84;34.34;FUNDO DE DESENVOLVIMENTO;ATIVA;2,0% A.A;157380000.0;OUTROS;0.0;100.0;DETERMINADO;GERAL;DESENVOLVIMENTO PARA VENDA;2.02
RCRB11;5.9;152.54;0.73;0.73;9.72;FUNDO DE TIJOLO;ATIVA;0,7% A.A SOBRE VALOR DE MERCADO (MINIMO R$25.000,00 MENSAIS);770550000.0;LAJES CORPORATIVAS;10.0;100.0;INDETERMINADO;GERAL;RENDA;0.78
EDGA11;6.69;20.16;0.33;0.33;13.14;FUNDO DE TIJOLO;PASSIVA;0,20% A.A SOBRE VALOR TOTAL DE ATIVOS (MINIMO R$30.000,00 MENSAIS);233440000.0;LAJES CORPORATIVAS;1.0;100.0;INDETERMINADO;GERAL;RENDA;0.07
XPPR11;9.38;21.32;0.3;0.3;-49.15;FUNDO DE TIJOLO;ATIVA;0.95;514430000.0;OUTROS;5.0;95.0;INDETERMINADO;GERAL;RENDA;0.1
CBOP11;10.32;29.8;0.42;0.42;-44.03;FUNDO DE TIJOLO;PASSIVA;1.05% A.A. DO PATRIMÔNIO LÍQUIDO;104420000.0;LAJES CORPORATIVAS;1.0;100.0;INDETERMINADO;GERAL;RENDA;0.12
HGPO11;6.97;275.14;0.92;0.92;12.07;FUNDO DE TIJOLO;PASSIVA;0,625% A.A;524200000.00000006;LAJES CORPORATIVAS;2.0;100.0;INDETERMINADO;GERAL;RENDA;1.5
RBLG11;10.46;102.99;1.01;1.01;15.94;FUNDO DE TIJOLO;ATIVA;1,00% A.A SOBRE PATRIMÔNIO LÍQUIDO (MÍNIMO R$20.000,00 MENSAIS);65340000.0;LOGÍSTICO / INDÚSTRIA / GALPÕES;2.0;100.0;INDETERMINADO;INVESTIDOR QUALIFICADO;RENDA;0.95
WTSP11B;5.96;36.0;0.5;0.5;-4.61;FUNDO DE TIJOLO;ATIVA;0,5% A.A SOBRE PATRIMÔNIO LIQUIDO (MINIMO R$50.000,00 MENSAIS);71980000.0;HÍBRIDO;1.0;100.0;INDETERMINADO;INVESTIDOR QUALIFICADO;RENDA;0.2
TRXB11;8.84;125.0;1.16;1.16;15.86;FUNDO DE DESENVOLVIMENTO;PASSIVA;1,0% A.A SOBRE PATRIMÔNIO LÍQUIDO;307460000.0;HÍBRIDO;11.0;100.0;DETERMINADO;GERAL;TÍTULOS E VALORES MOBILIÁRIOS;0.92
HPDP11;7.52;83.27;0.93;0.93;11.61;FUNDO DE TIJOLO;PASSIVA;0,50% A.A SOBRE PATRIMÔNIO LIQUIDO;263310000.0;SHOPPINGS / VAREJO;1.0;100.0;INDETERMINADO;GERAL;RENDA;0.53
PLRI11;8.99;17.0;0.58;0.58;-25.34;FUNDO DE PAPEL;ATIVA;1,00% A.A;27880000.0;TÍTULOS E VALORES MOBILIÁRIOS;0.0;100.0;INDETERMINADO;INVESTIDOR QUALIFICADO;TÍTULOS E VALORES MOBILIÁRIOS;0.15
DAMT11B;5.79;17.0;1.3;1.3;20.14;FUNDO DE TIJOLO;ATIVA;0,01% A.A;95210000.0;HÍBRIDO;1.0;100.0;DETERMINADO;INVESTIDOR QUALIFICADO;RENDA;0.07
JSRE11;7.8;72.35;0.64;0.64;-9.19;OUTRO;ATIVA;1% A.A. SOBRE VALOR DE MERCADO MÉDIO DO FUNDO;2340000000.0;HÍBRIDO;7.0;100.0;INDETERMINADO;GERAL;HÍBRIDOS;0.46
PVBI11;7.18;104.15;1.03;1.03;15.31;FUNDO DE TIJOLO;ATIVA;1,0% A.A SOBRE O PATRIMÔNIO LÍQUIDO (MÍNIMO DE R$ 20.000,00 MENSAIS);1230000000.0;LAJES CORPORATIVAS;4.0;100.0;INDETERMINADO;GERAL;RENDA;0.7
HBRH11;7.65;93.0;0.83;0.83;4.68;FUNDO DE TIJOLO;ATIVA;0,86% A.A SOBRE PATRIMÔNIO LIQUIDO;310350000.0;HÍBRIDO;5.0;100.0;INDETERMINADO;GERAL;RENDA;0.52
KNRI11;7.55;158.21;0.99;0.99;12.42;FUNDO DE TIJOLO;ATIVA;1.25 A.A.;3860000000.0;HÍBRIDO;20.0;125.0;INDETERMINADO;GERAL;RENDA;1.0
HGRE11;8.02;129.0;0.83;0.83;0.65;FUNDO DE TIJOLO;ATIVA;1,0% AO ANO SOBRE PATRIMÔNIO LÍQUIDO;1830000000.0;LAJES CORPORATIVAS;21.0;100.0;INDETERMINADO;GERAL;RENDA;0.78
IBFF11;0.0;8.86;0.6;0.6;19.89;FUNDO DE FUNDOS;ATIVA;0,20% A.A;9860000.0;TÍTULOS E VALORES MOBILIÁRIOS;0.0;100.0;INDETERMINADO;GERAL;RENDA;14.79
BRCO11;7.64;123.6;1.02;1.02;22.93;FUNDO DE TIJOLO;ATIVA;0,0975% A.A SOBRE PATRIMÔNIO LIQUIDO;1790000000.0;LOGÍSTICO / INDÚSTRIA / GALPÕES;12.0;100.0;INDETERMINADO;GERAL;HÍBRIDOS;0.87
WPLZ11;8.85;63.95;0.73;0.73;-11.32;FUNDO DE TIJOLO;PASSIVA;0,55% A.A;89590000.0;SHOPPINGS / VAREJO;1.0;100.0;INDETERMINADO;GERAL;RENDA;0.41
VILG11;7.84;104.96;0.93;0.93;3.38;FUNDO DE TIJOLO;ATIVA;0,95% A.A;1680000000.0;LOGÍSTICO / INDÚSTRIA / GALPÕES;16.0;100.0;INDETERMINADO;GERAL;RENDA;0.7
TMPS11;7.66;100.95;0.94;0.94;8.96;OUTRO;ATIVA;0,90% A.A.;104690000.0;TÍTULOS E VALORES MOBILIÁRIOS;0.0;100.0;DETERMINADO;GERAL;TÍTULOS E VALORES MOBILIÁRIOS;0.8
XPID11;0.0;86.77;0.91;0.91;4.88;INDETERMINADO;0,95%;-;0.45;OUTRO;0.0;0.0;ATIVA;INVESTIDOR QUALIFICADO;FUNDO DE INFRAESTRUTURA (FI-INFRA);0.0
FLMA11;8.03;136.15;0.85;0.85;12.39;FUNDO DE TIJOLO;ATIVA;2% DO RESULTADO A SER DISTRIBUÍDO AOS COTISTAS;221010000.0;HÍBRIDO;2.0;100.0;INDETERMINADO;GERAL;RENDA;1.05
HUSC11;9.66;109.8;0.75;0.75;4.87;FUNDO DE TIJOLO;PASSIVA;0,35% A.A SOBRE PATRIMÔNIO LIQUIDO;119180000.0;OUTROS;1.0;100.0;INDETERMINADO;GERAL;DESENVOLVIMENTO PARA RENDA;0.92
VINO11;8.93;8.49;0.78;0.78;-4.5;FUNDO DE TIJOLO;ATIVA;1,20% A.A;899250000.0;LAJES CORPORATIVAS;10.0;100.0;INDETERMINADO;GERAL;RENDA;0.06
FLRP11;8.53;1920.1;1.05;1.05;38.49;FUNDO DE TIJOLO;PASSIVA;9,0% A.M;118980000.0;SHOPPINGS / VAREJO;1.0;100.0;INDETERMINADO;GERAL;RENDA;13.5
FCFL11;8.13;117.0;1.0;1.0;3.21;FUNDO DE TIJOLO;PASSIVA;0,30% A.A SOBRE VALOR TOTAL DOS ATIVOS (MINIMO R$30.000,00 MENSAIS);403740000.0;OUTROS;1.0;100.0;INDETERMINADO;GERAL;RENDA;0.81
TEPP11;7.33;90.47;0.95;0.95;14.69;FUNDO DE TIJOLO;ATIVA;1,17% A.A SOBRE PATRIMÔNIO LIQUIDO;401190000.0;LAJES CORPORATIVAS;5.0;100.0;INDETERMINADO;GERAL;RENDA;0.58
HOFC11;9.56;20.95;0.24;0.24;-47.03;FUNDO DE TIJOLO;ATIVA;0,80% A.A.;337070000.0;LAJES CORPORATIVAS;4.0;100.0;INDETERMINADO;GERAL;RENDA;0.11
LVBI11;7.75;116.91;1.02;1.02;12.89;FUNDO DE TIJOLO;ATIVA;1,30% A.A SOBRE O PATRIMÔNIO LÍQUIDO;1360000000.0;LOGÍSTICO / INDÚSTRIA / GALPÕES;10.0;100.0;INDETERMINADO;GERAL;RENDA;0.79
HLOG11;8.67;89.99;0.78;0.78;2.08;FUNDO DE TIJOLO;ATIVA;0,7% A.A SOBRE PATRIMÔNIO LÍQUIDO;490470000.0;LOGÍSTICO / INDÚSTRIA / GALPÕES;3.0;100.0;INDETERMINADO;GERAL;RENDA;0.65
HGBS11;7.97;229.4;1.02;1.02;19.01;FUNDO DE TIJOLO;ATIVA;0,60% A.A;2250000000.0;SHOPPINGS / VAREJO;17.0;100.0;INDETERMINADO;GERAL;RENDA;2.0
XPLG11;8.06;112.54;1.01;1.01;14.31;FUNDO DE TIJOLO;ATIVA;0,95% A.A SOBRE PATRIMÔNIO LIQUIDO (MINIMO R$25.000,00 MENSAIS);3000000000.0;LOGÍSTICO / INDÚSTRIA / GALPÕES;14.0;100.0;INDETERMINADO;GERAL;RENDA;0.78
ABCP11;8.5;67.34;0.74;0.74;-1.67;FUNDO DE TIJOLO;PASSIVA;0.1;432660000.0;SHOPPINGS / VAREJO;1.0;1.0;INDETERMINADO;GERAL;RENDA;0.6
MALL11;8.19;116.48;0.97;0.97;16.81;FUNDO DE TIJOLO;ATIVA;0,5% A.A;1090000000.0;SHOPPINGS / VAREJO;8.0;100.0;INDETERMINADO;GERAL;RENDA;0.85
VISC11;8.52;117.2;1.02;1.02;15.29;FUNDO DE TIJOLO;ATIVA;1,35% A.A SOBRE PATRIMÔNIO LIQUIDO;2140000000.0;SHOPPINGS / VAREJO;20.0;100.0;INDETERMINADO;GERAL;RENDA;0.92
FIIB11;8.12;520.67;1.13;1.13;17.87;FUNDO DE TIJOLO;PASSIVA;0;316200000.0;HÍBRIDO;2.0;0.0;INDETERMINADO;GERAL;HÍBRIDOS;3.75
LUGG11;7.77;87.99;0.72;0.72;23.33;FUNDO DE TIJOLO;ATIVA;0,76% A.A SOBRE PATRIMÔNIO LÍQUIDO (MINIMO DE R$20.000,00 MENSAIS);139740000.0;OUTROS;4.0;100.0;INDETERMINADO;GERAL;RENDA;0.6
RBRS11;8.93;56.23;0.6;0.6;0.92;FUNDO DE TIJOLO;ATIVA;1,0% A.A SOBRE O PATRIMÔNIO LÍQUIDO (MÍNIMO DE R$ 35.000,00 MENSAIS);163510000.0;HÍBRIDO;3.0;100.0;INDETERMINADO;GERAL;RENDA;0.4
BTLG11;8.86;100.66;1.03;1.03;8.0;FUNDO DE TIJOLO;ATIVA;0,9% A.A. SOBRE O VALOR DE MERCADO;2800000000.0;LOGÍSTICO / INDÚSTRIA / GALPÕES;21.0;100.0;INDETERMINADO;GERAL;RENDA;0.76
HGLG11;9.25;159.16;1.03;1.03;3.5;FUNDO DE TIJOLO;ATIVA;0,6% A.A;5190000000.0;LOGÍSTICO / INDÚSTRIA / GALPÕES;19.0;100.0;INDETERMINADO;GERAL;RENDA;1.1
BRCR11;8.59;58.78;0.59;0.59;-6.23;FUNDO DE TIJOLO;ATIVA;0,25% A.A SOBRE PATRIMÔNIO LIQUIDO;2660000000.0;HÍBRIDO;15.0;100.0;INDETERMINADO;GERAL;RENDA;0.41
RBRL11;8.79;88.61;0.84;0.84;2.11;FUNDO DE TIJOLO;ATIVA;0,20% A.A SOBRE PATRIMÔNIO LIQUIDO (MINIMO R$20.000,00 MENSAIS);704250000.0;LOGÍSTICO / INDÚSTRIA / GALPÕES;6.0;100.0;INDETERMINADO;GERAL;HÍBRIDOS;0.72
LGCP11;8.74;85.01;0.87;0.87;8.57;FUNDO DE TIJOLO;ATIVA;0,31% A.A. SOBRE O PL;345590000.0;LOGÍSTICO / INDÚSTRIA / GALPÕES;5.0;100.0;INDETERMINADO;GERAL;RENDA;0.64
ITIT11;8.99;78.0;0.9;0.9;4.52;FUNDO DE FUNDOS;PASSIVA;0,30% A.A. SOBRE PATRIMÔNIO LÍQUIDO;78460000.0;TÍTULOS E VALORES MOBILIÁRIOS;0.0;100.0;INDETERMINADO;GERAL;RENDA;0.57
NVHO11;9.26;10.83;0.77;0.77;17.59;FUNDO DE TIJOLO;ATIVA;0,10% A.A;581000000.0;HOSPITALAR;1.0;100.0;INDETERMINADO;INVESTIDOR QUALIFICADO;DESENVOLVIMENTO PARA RENDA;0.08
XPCM11;12.68;10.66;0.26;0.26;-33.6;FUNDO DE TIJOLO;PASSIVA;0,80% A.A;100460000.0;LAJES CORPORATIVAS;1.0;100.0;INDETERMINADO;GERAL;RENDA;0.07
XPML11;8.7;111.43;0.99;0.99;18.13;FUNDO DE TIJOLO;ATIVA;0,55% A.A;3470000000.0;SHOPPINGS / VAREJO;16.0;100.0;INDETERMINADO;GERAL;RENDA;0.85
CPFF11;8.53;76.57;0.92;0.92;12.7;FUNDO DE FUNDOS;ATIVA;0,15% A.A;213180000.0;HÍBRIDO;0.0;100.0;INDETERMINADO;GERAL;HÍBRIDOS;0.7
HGRU11;9.08;129.87;1.05;1.05;13.6;FUNDO DE TIJOLO;ATIVA;0,90% A.A SOBRE VALOR DE MERCADO DO FUNDO;2270000000.0;HÍBRIDO;89.0;100.0;INDETERMINADO;GERAL;RENDA;0.85
EDFO11B;10.69;194.62;1.08;1.08;5.15;FUNDO DE TIJOLO;PASSIVA;0,30% A.A;42650000.0;LAJES CORPORATIVAS;1.0;100.0;INDETERMINADO;GERAL;RENDA;1.78
EURO11;9.19;239.51;0.75;0.75;21.17;FUNDO DE TIJOLO;PASSIVA;5,0% A.A;124870000.0;LOGÍSTICO / INDÚSTRIA / GALPÕES;6.0;100.0;INDETERMINADO;GERAL;HÍBRIDOS;1.88
EVBI11;9.41;96.78;0.99;0.99;6.47;OUTRO;ATIVA;1,00% A.A SOBRE PATRIMÔNIO LÍQUIDO (MÍNIMO R$20.000,00 MENSAIS);211080000.0;HÍBRIDO;4.0;100.0;INDETERMINADO;GERAL;RENDA;0.75
SNID11;6.69;101.58;1.02;1.02;8.49;INDETERMINADO;0,95% A.A;-;1.15;OUTRO;0.0;0.0;ATIVA;GERAL;FUNDO DE INFRAESTRUTURA (FI-INFRA);0.0
KNIP11;9.83;92.97;0.94;0.94;12.04;FUNDO DE PAPEL;ATIVA;1,00 % A.A;7940000000.0;TÍTULOS E VALORES MOBILIÁRIOS;0.0;100.0;INDETERMINADO;INVESTIDOR QUALIFICADO;TÍTULOS E VALORES MOBILIÁRIOS;0.6
FIGS11;8.34;62.99;0.83;0.83;25.13;FUNDO DE TIJOLO;PASSIVA;0,20%A.A. S/ PATRIMÔNIO LÍQUIDO;217180000.0;SHOPPINGS / VAREJO;2.0;100.0;INDETERMINADO;GERAL;DESENVOLVIMENTO PARA VENDA;0.45
RBIF11;10.55;97.79;1.04;1.04;5.57;INDETERMINADO;0,85% A.A.;-;1.09;OUTRO;0.0;0.0;ATIVA;GERAL;FUNDO DE INFRAESTRUTURA (FI-INFRA);0.0
CCRF11;9.86;94.98;0.96;0.96;9.9;FUNDO DE PAPEL;ATIVA;1,00% A.A SOBRE PATRIMÔNIO LÍQUIDO;155500000.0;TÍTULOS E VALORES MOBILIÁRIOS;0.0;100.0;INDETERMINADO;GERAL;TÍTULOS E VALORES MOBILIÁRIOS;0.47
PQAG11;9.18;57.5;1.01;1.01;13.43;FUNDO DE TIJOLO;ATIVA;0,2% A.A;799110000.0;LOGÍSTICO / INDÚSTRIA / GALPÕES;1.0;100.0;INDETERMINADO;GERAL;DESENVOLVIMENTO PARA RENDA;0.44
VVPR11;0.0;101.5;1.04;1.04;15.14;FUNDO DE TIJOLO;ATIVA;1,05% A.A. SOBRE O PATRIMÔNIO LÍQUIDO DO FUNDO;226030000.0;LAJES CORPORATIVAS;6.0;100.0;INDETERMINADO;GERAL;RENDA;0.89
HSLG11;9.51;90.75;0.87;0.87;2.55;FUNDO DE TIJOLO;ATIVA;0,95% A.A SOBRE PATRIMÔNIO LIQUIDO OU VALOR DE MERCADO DO FUNDO;1320000000.0;LOGÍSTICO / INDÚSTRIA / GALPÕES;5.0;100.0;INDETERMINADO;GERAL;RENDA;0.74
SNFF11;9.57;89.75;0.96;0.96;10.2;FUNDO DE FUNDOS;ATIVA;0,78% A.A;265160000.00000003;TÍTULOS E VALORES MOBILIÁRIOS;0.0;100.0;INDETERMINADO;GERAL;TÍTULOS E VALORES MOBILIÁRIOS;0.65
BCFF11;9.31;71.86;0.93;0.93;12.0;FUNDO DE FUNDOS;ATIVA;0,15% A.A SOBRE PATRIMÔNIO LÍQUIDO (MÍNIMO DE R$25.000,00 MENSAIS);1960000000.0;TÍTULOS E VALORES MOBILIÁRIOS;0.0;100.0;INDETERMINADO;GERAL;RENDA;0.56
CXRI11;8.47;80.01;0.87;0.87;25.13;FUNDO DE FUNDOS;ATIVA;1,20% A.A SOBRE PATRIMÔNIO LIQUIDO DO FUNDO (MINIMO R$30.000,00 MENSAIS);144380000.0;HÍBRIDO;0.0;100.0;INDETERMINADO;GERAL;HÍBRIDOS;0.58
OULG11;9.64;40.67;0.6;0.6;-6.48;FUNDO DE TIJOLO;ATIVA;1,00% A.A SOBRE PATRIMÔNIO LIQUIDO;168220000.0;LOGÍSTICO / INDÚSTRIA / GALPÕES;2.0;100.0;INDETERMINADO;GERAL;RENDA;0.42
LASC11;8.21;101.48;0.99;0.99;25.16;FUNDO DE TIJOLO;ATIVA;1,10% A.A SOBRE PATRIMÔNIO LÍQUIDO (MINIMO R$105.000,00 MENSAIS);300290000.0;SHOPPINGS / VAREJO;3.0;100.0;INDETERMINADO;GERAL;DESENVOLVIMENTO PARA RENDA;0.57
TRXF11;9.06;108.06;1.06;1.06;6.24;FUNDO DE TIJOLO;ATIVA;1,00% A.A SOBRE PATRIMÔNIO LIQUIDO;1360000000.0;OUTROS;44.0;100.0;INDETERMINADO;GERAL;RENDA;0.9
HSML11;9.43;92.12;0.97;0.97;9.9;FUNDO DE TIJOLO;ATIVA;1,20% A.A;1500000000.0;SHOPPINGS / VAREJO;7.0;100.0;INDETERMINADO;GERAL;RENDA;0.74
PATL11;10.11;69.87;0.71;0.71;-8.58;FUNDO DE TIJOLO;ATIVA;0,73%;492070000.0;LOGÍSTICO / INDÚSTRIA / GALPÕES;4.0;0.73;INDETERMINADO;GERAL;DESENVOLVIMENTO PARA RENDA;0.6
RCFF11;1.48;83.01;0.91;0.91;-13.26;FUNDO DE FUNDOS;ATIVA;0,20% A.A. SOBRE PATRIMÔNIO LÍQUIDO;29560000.0;TÍTULOS E VALORES MOBILIÁRIOS;0.0;100.0;DETERMINADO;INVESTIDOR QUALIFICADO;TÍTULOS E VALORES MOBILIÁRIOS;1.23
HGFF11;9.37;84.66;0.89;0.89;17.98;FUNDO DE FUNDOS;ATIVA;0,80% A.A;269800000.0;TÍTULOS E VALORES MOBILIÁRIOS;0.0;100.0;INDETERMINADO;GERAL;TÍTULOS E VALORES MOBILIÁRIOS;0.7
XPIN11;9.09;85.18;0.82;0.82;11.26;FUNDO DE TIJOLO;ATIVA;ENTRE 3,5% E 7,25% SOBRE O FATURAMENTO MENSAL (MÍNIMO DE R$ 25.000,00 POR MÊS);743120000.0;OUTROS;104.0;100.0;INDETERMINADO;GERAL;RENDA;0.65
FAMB11B;0.0;940.0;0.33;0.33;20.51;FUNDO DE TIJOLO;PASSIVA;2,50% A.M SOBRE RECEITA OPERACIONAL;310610000.0;LAJES CORPORATIVAS;1.0;100.0;INDETERMINADO;GERAL;RENDA;9.16
RNGO11;11.19;43.6;0.5;0.5;-6.4;FUNDO DE TIJOLO;PASSIVA;0,22% A.A SOBRE PATRIMÔNIO LIQUIDO;231960000.0;LAJES CORPORATIVAS;4.0;100.0;INDETERMINADO;GERAL;RENDA;0.36
FVPQ11;10.18;118.92;0.61;0.61;8.66;FUNDO DE TIJOLO;PASSIVA;0,12% A.A;538140000.0;SHOPPINGS / VAREJO;1.0;100.0;INDETERMINADO;GERAL;RENDA;1.2
TRBL11;3.02;99.2;1.05;1.05;5.87;FUNDO DE TIJOLO;ATIVA;0,84%;611830000.0;LOGÍSTICO / INDÚSTRIA / GALPÕES;0.0;0.84;INDETERMINADO;GERAL;RENDA;0.72
DPRO11;8.78;85.81;0.89;0.89;-7.33;FUNDO DE TIJOLO;ATIVA;0,13% A.A;35890000.0;LOGÍSTICO / INDÚSTRIA / GALPÕES;0.0;100.0;INDETERMINADO;GERAL;HÍBRIDOS;0.65
SDIL11;7.71;96.09;0.99;0.99;6.75;FUNDO DE TIJOLO;ATIVA;0,84% A.A;619900000.0;LOGÍSTICO / INDÚSTRIA / GALPÕES;5.0;100.0;INDETERMINADO;GERAL;RENDA;0.83
BTAL11;11.12;86.21;0.82;0.82;-6.17;FUNDO DE TIJOLO;ATIVA;1,10% AO ANO SOBRE PL;625110000.0;OUTROS;9.0;100.0;INDETERMINADO;GERAL;RENDA;0.71
RBRD11;9.95;38.6;0.58;0.58;5.06;FUNDO DE TIJOLO;PASSIVA;0,17% A.A.;122560000.0;HÍBRIDO;4.0;100.0;INDETERMINADO;GERAL;RENDA;0.34
MGFF11;9.4;66.05;0.89;0.89;12.31;FUNDO DE FUNDOS;ATIVA;0,20% A.A SOBRE PATRIMÔNIO LÍQUIDO (MÍNIMO DE R$23.000,00 MENSAIS);676970000.0;TÍTULOS E VALORES MOBILIÁRIOS;0.0;100.0;INDETERMINADO;GERAL;RENDA;0.52
MFAI11;10.05;61.0;0.84;0.84;-0.83;FUNDO DE FUNDOS;ATIVA;1,0% A.A SOBRE PATRIMÔNIO LÍQUIDO;28130000.0;HÍBRIDO;0.0;100.0;INDETERMINADO;GERAL;HÍBRIDOS;0.5
HFOF11;10.09;74.2;0.9;0.9;5.95;FUNDO DE FUNDOS;ATIVA;"0,6% A.A. SOBRE (I) O PATRIMÔNIO LÍQUIDO DO FUNDO; OU (II) SOBRE O VALOR DE MERCADO DO FUNDO, DESDE QUE PASSE A INTEGRAR O IFIX.";1920000000.0;TÍTULOS E VALORES MOBILIÁRIOS;0.0;100.0;INDETERMINADO;GERAL;TÍTULOS E VALORES MOBILIÁRIOS;0.63
RBRF11;9.37;79.53;0.91;0.91;13.21;FUNDO DE FUNDOS;ATIVA;0,20% A.A SOBRE PATRIMÔNIO LÍQUIDO (MÍNIMO DE R$23.000,00 MENSAIS);1200000000.0;TÍTULOS E VALORES MOBILIÁRIOS;0.0;100.0;INDETERMINADO;GERAL;RENDA;0.55
BCIA11;9.43;100.3;0.91;0.91;21.59;FUNDO DE FUNDOS;ATIVA;0,50% A.A;409760000.0;TÍTULOS E VALORES MOBILIÁRIOS;0.0;100.0;INDETERMINADO;GERAL;TÍTULOS E VALORES MOBILIÁRIOS;0.85
CRFF11;9.29;80.26;0.88;0.88;15.7;FUNDO DE FUNDOS;ATIVA;1,15% A.A SOBRE PATRIMÔNIO LIQUIDO DO FUNDO (MINIMO R$30.000,00 MENSAIS);62660000.0;TÍTULOS E VALORES MOBILIÁRIOS;0.0;100.0;INDETERMINADO;GERAL;TÍTULOS E VALORES MOBILIÁRIOS;0.63
PQDP11;10.74;1956.02;0.62;0.62;-5.19;FUNDO DE TIJOLO;PASSIVA;0,23% A.A;765550000.0;SHOPPINGS / VAREJO;1.0;100.0;INDETERMINADO;GERAL;RENDA;19.81
GGRC11;10.3;115.02;1.02;1.02;7.23;FUNDO DE TIJOLO;ATIVA;1,10% A.A.;924830000.0;LOGÍSTICO / INDÚSTRIA / GALPÕES;20.0;100.0;INDETERMINADO;GERAL;HÍBRIDOS;0.95
NSLU11;9.89;185.0;0.93;0.93;20.88;FUNDO DE TIJOLO;PASSIVA;2,50% SOBRE TOTAL DA RECEITA MENSAL (MINIMO R$18.000,00 MENSAIS);258150000.0;HOSPITALAR;1.0;100.0;INDETERMINADO;GERAL;RENDA;1.56
BTCI11;11.5;9.79;0.96;0.96;19.13;FUNDO DE PAPEL;ATIVA;0,95%;1020000000.0;TÍTULOS E VALORES MOBILIÁRIOS;0.0;0.95;INDETERMINADO;GERAL;TÍTULOS E VALORES MOBILIÁRIOS;0.1
VIFI11;9.53;8.47;0.88;0.88;22.45;FUNDO DE FUNDOS;ATIVA;0,95% A.A SOBRE PATRIMÔNIO LIQUIDO;76190000.0;TÍTULOS E VALORES MOBILIÁRIOS;0.0;100.0;INDETERMINADO;GERAL;TÍTULOS E VALORES MOBILIÁRIOS;0.07
ZAVI11;10.63;126.94;0.94;0.94;3.81;FUNDO MISTO;ATIVA;1,25% A.A.;158780000.0;HÍBRIDO;0.0;100.0;INDETERMINADO;GERAL;RENDA;1.16
FIIP11B;9.87;167.31;0.83;0.83;16.45;FUNDO DE TIJOLO;PASSIVA;R$17.426,00 MENSAIS;188500000.0;HÍBRIDO;7.0;17426000000.0;INDETERMINADO;GERAL;RENDA;1.44
KFOF11;9.4;96.56;0.98;0.98;21.46;FUNDO DE FUNDOS;ATIVA;0,92% A.A SOBRE PATRIMÔNIO LIQUIDO;450720000.0;TÍTULOS E VALORES MOBILIÁRIOS;0.0;100.0;INDETERMINADO;GERAL;TÍTULOS E VALORES MOBILIÁRIOS;0.8
NCRI11;10.65;8.9;0.88;0.88;-1.1;FUNDO DE PAPEL;ATIVA;;40510000.0;TÍTULOS E VALORES MOBILIÁRIOS;0.0;100.0;INDETERMINADO;GERAL;TÍTULOS E VALORES MOBILIÁRIOS;0.07
MORE11;9.81;74.07;0.87;0.87;7.88;FUNDO DE FUNDOS;ATIVA;0,6% A.A;194990000.0;TÍTULOS E VALORES MOBILIÁRIOS;0.0;100.0;INDETERMINADO;GERAL;RENDA;0.6
FATN11;10.93;92.5;0.93;0.93;5.65;FUNDO DE TIJOLO;ATIVA;0,80% A.A SOBRE PATRIMÔNIO LIQUIDO (MINIMO R$18.000,00 MENSAIS);126510000.0;HÍBRIDO;25.0;100.0;INDETERMINADO;GERAL;RENDA;0.85
VCJR11;11.26;90.65;0.93;0.93;11.65;FUNDO DE PAPEL;ATIVA;1,60% A.A SOBRE PATRIMÔNIO LIQUIDO;1430000000.0;TÍTULOS E VALORES MOBILIÁRIOS;0.0;100.0;INDETERMINADO;GERAL;TÍTULOS E VALORES MOBILIÁRIOS;0.65
RECT11;12.53;44.99;0.49;0.49;-16.68;OUTRO;ATIVA;0,17% A.A;790520000.0;HÍBRIDO;9.0;100.0;INDETERMINADO;GERAL;RENDA;0.4
VCRR11;11.08;74.0;0.58;0.58;0.86;FUNDO DE TIJOLO;ATIVA;0,80% A.A SOBRE PATRIMÔNIO LIQUIDO (MINIMO R$35.000,00 MENSAIS);256500000.0;OUTROS;0.0;100.0;INDETERMINADO;GERAL;RENDA;0.69
BREV11;7.15;105.0;0.89;0.89;11.86;FUNDO DE TIJOLO;ATIVA;1% A.A SOBRE PATRIMÔNIO LIQUIDO;113860000.0;HÍBRIDO;13.0;100.0;INDETERMINADO;GERAL;RENDA;0.58
HGIC11;11.66;106.2;0.52;0.52;9.73;FUNDO DE PAPEL;ATIVA;0,75% A.A;93360000.0;TÍTULOS E VALORES MOBILIÁRIOS;0.0;100.0;INDETERMINADO;GERAL;TÍTULOS E VALORES MOBILIÁRIOS;1.06
KISU11;10.52;8.51;0.93;0.93;11.68;FUNDO DE FUNDOS;ATIVA;0,65% A.A SOBRE PATRIMÔNIO LIQUIDO (MINIMO R$15.000,00 MENSAIS);406570000.0;TÍTULOS E VALORES MOBILIÁRIOS;0.0;100.0;INDETERMINADO;GERAL;TÍTULOS E VALORES MOBILIÁRIOS;0.08
MAXR11;9.52;74.26;0.61;0.61;0.16;FUNDO DE TIJOLO;ATIVA;0,15% A.A;138880000.0;OUTROS;10.0;100.0;INDETERMINADO;GERAL;RENDA;0.73
GALG11;10.66;9.25;1.01;1.01;6.68;FUNDO DE TIJOLO;ATIVA;0,95% - 1,01% A.A SOBRE PL (MÍNIMO R$40.000,00 MENSAIS);525520000.0;HÍBRIDO;5.0;100.0;INDETERMINADO;GERAL;HÍBRIDOS;0.08
KDIF11;10.62;131.25;1.0;1.0;11.25;INDETERMINADO;1,11%;-;1.0;OUTRO;0.0;0.0;ATIVA;GERAL;FUNDO DE INFRAESTRUTURA (FI-INFRA);0.0
VTLT11;10.77;96.62;0.96;0.96;12.49;FUNDO DE TIJOLO;ATIVA;0,95% A.A;213930000.0;LOGÍSTICO / INDÚSTRIA / GALPÕES;1.0;100.0;INDETERMINADO;GERAL;RENDA;0.88
VSLH11;20.99;3.12;0.31;0.31;-60.73;FUNDO DE PAPEL;ATIVA;DE 1,00% A.A ATÉ 0,80% A.A (MÍNIMO R$17.000,00 MENSAIS);307690000.0;OUTROS;0.0;100.0;INDETERMINADO;GERAL;TÍTULOS E VALORES MOBILIÁRIOS;0.03
VSHO11;10.47;77.0;0.76;0.76;9.7;FUNDO DE TIJOLO;ATIVA;0,75% A.A;212390000.0;SHOPPINGS / VAREJO;3.0;100.0;INDETERMINADO;GERAL;RENDA;0.74
RBFF11;9.93;60.96;0.88;0.88;19.59;FUNDO DE FUNDOS;ATIVA;0,8% A.A SOBRE O PATRIMÔNIO LÍQUIDO DO FUNDO;259290000.00000003;TÍTULOS E VALORES MOBILIÁRIOS;0.0;100.0;INDETERMINADO;GERAL;TÍTULOS E VALORES MOBILIÁRIOS;0.51
KCRE11;11.26;94.4;0.91;0.91;14.53;FUNDO DE PAPEL;ATIVA;;373000000.0;OUTROS;0.0;100.0;INDETERMINADO;GERAL;RENDA;0.57
JFLL11;10.0;76.98;0.74;0.74;16.61;FUNDO DE TIJOLO;ATIVA;1,15% A.A SOBRE PATRIMÔNIO LIQUIDO DO FUNDO (MINIMO R$30.000,00 MENSAIS);151500000.0;OUTROS;2.0;100.0;INDETERMINADO;GERAL;RENDA;0.62
QAGR11;10.52;49.0;0.85;0.85;16.57;FUNDO DE TIJOLO;ATIVA;0,25% SOBRE O PATRIMÔNIO LÍQUIDO;290600000.0;OUTROS;12.0;100.0;INDETERMINADO;GERAL;RENDA;0.43
BLMR11;10.98;7.0;0.88;0.88;-1.97;FUNDO DE FUNDOS;ATIVA;1,00% A.A SOBRE O PATRIMÔNIO LÍQUIDO (MÍNIMO DE R$ 15.000,00 MENSAIS);201030000.0;TÍTULOS E VALORES MOBILIÁRIOS;0.0;100.0;DETERMINADO;GERAL;TÍTULOS E VALORES MOBILIÁRIOS;0.05
GCFF11;7.39;69.3;0.88;0.88;9.5;FUNDO DE FUNDOS;ATIVA;1,00% A.A;26690000.0;TÍTULOS E VALORES MOBILIÁRIOS;0.0;100.0;INDETERMINADO;GERAL;RENDA;0.75
SARE11;13.97;50.29;0.53;0.53;-26.75;FUNDO MISTO;ATIVA;1,25% A.A;872840000.0;HÍBRIDO;3.0;100.0;INDETERMINADO;GERAL;RENDA;0.45
BPFF11;10.78;69.36;0.88;0.88;11.94;FUNDO DE FUNDOS;ATIVA;0,4% A.A SOBRE PATRIMÔNIO LIQUIDO;351300000.0;TÍTULOS E VALORES MOBILIÁRIOS;0.0;100.0;INDETERMINADO;GERAL;HÍBRIDOS;0.62
KNSC11;11.41;89.92;0.98;0.98;17.62;FUNDO DE PAPEL;ATIVA;1,20% A.A SOBRE PATRIMÔNIO LIQUIDO;1220000000.0;TÍTULOS E VALORES MOBILIÁRIOS;0.0;100.0;INDETERMINADO;GERAL;RENDA;0.75
CORM11;0.0;81.0;0.89;0.89;-11.91;FUNDO DE TIJOLO;ATIVA;1,20% A.A. SOBRE PATRIMÔNIO LÍQUIDO (MÍNIMO R$25.000,00 MENSAIS);92120000.0;HÍBRIDO;0.0;100.0;INDETERMINADO;GERAL;HÍBRIDOS;0.77
BTRA11;14.0;67.97;0.53;0.53;-12.44;OUTRO;ATIVA;1,22% A.A SOBRE PATRIMÔNIO LIQUIDO (MÍNIMO R$5.000,00 MENSAIS);422760000.0;FIAGROS;6.0;100.0;INDETERMINADO;GERAL;RENDA;0.56
CPTS11;10.58;8.79;0.98;0.98;6.68;FUNDO DE PAPEL;ATIVA;1,05% A.A SOBRE PATRIMÔNIO LÍQUIDO (MINIMO R$30.000,00 MENSAIS);2860000000.0;TÍTULOS E VALORES MOBILIÁRIOS;0.0;100.0;INDETERMINADO;GERAL;TÍTULOS E VALORES MOBILIÁRIOS;0.08
VIUR11;10.94;7.9;0.87;0.87;9.27;FUNDO DE TIJOLO;ATIVA;0,85% A.A SOBRE PATRIMÔNIO LIQUIDO;244120000.0;TÍTULOS E VALORES MOBILIÁRIOS;6.0;100.0;INDETERMINADO;GERAL;RENDA;0.07
TORD11;11.65;2.03;0.16;0.16;-73.99;OUTRO;ATIVA;1,50% A.A SOBRE PATRIMÔNIO LÍQUIDO;442310000.0;OUTROS;0.0;100.0;INDETERMINADO;GERAL;HÍBRIDOS;0.05
FEXC11;3.29;83.5;0.91;0.91;-1.25;FUNDO DE PAPEL;ATIVA;0,95% AO ANO SOBRE PL OU VALOR DE MERCADO;560710000.0;TÍTULOS E VALORES MOBILIÁRIOS;0.0;100.0;INDETERMINADO;GERAL;RENDA;0.95
ASMT11;4.91;47.49;0.53;0.53;-38.57;FUNDO DE TIJOLO;ATIVA;;90120000.0;HÍBRIDO;3.0;100.0;INDETERMINADO;GERAL;HÍBRIDOS;0.77
MGCR11;12.35;9.4;0.96;0.96;13.25;FUNDO DE PAPEL;ATIVA;0,20% A.A. SOBRE O VALOR PATRIMONIAL DO FUNDO;131240000.0;TÍTULOS E VALORES MOBILIÁRIOS;0.0;100.0;INDETERMINADO;GERAL;TÍTULOS E VALORES MOBILIÁRIOS;0.1
KNHF11;1.78;104.3;1.01;1.01;1.52;FUNDO MISTO;ATIVA;1,2% A.A;1000000000.0;HÍBRIDO;0.0;100.0;INDETERMINADO;GERAL;RENDA;0.84
SNLG11;6.04;28.95;0.84;0.84;-26.29;FUNDO DE TIJOLO;ATIVA;1%;65480000.00000001;LOGÍSTICO / INDÚSTRIA / GALPÕES;0.0;1.0;INDETERMINADO;GERAL;RENDA;0.35
CXAG11;11.35;80.57;0.7;0.7;12.16;FUNDO DE TIJOLO;PASSIVA;0,58% A.A. SOBRE PATRIMÔNIO LÍQUIDO;241620000.0;AGÊNCIAS BANCÁRIAS;32.0;100.0;INDETERMINADO;GERAL;RENDA;0.71
BIDB11;11.69;88.99;0.95;0.95;26.64;INDETERMINADO;0,80% A.A.;-;0.67;OUTRO;0.0;0.0;ATIVA;GERAL;FUNDO DE INFRAESTRUTURA (FI-INFRA);0.0
NEWL11;11.33;105.69;0.77;0.77;15.39;FUNDO DE TIJOLO;ATIVA;0,95% A.A;278320000.0;HÍBRIDO;3.0;100.0;INDETERMINADO;GERAL;HÍBRIDOS;0.95
GLOG11;12.41;66.8;0.63;0.63;-3.5;FUNDO DE TIJOLO;ATIVA;0,7%;80110000.0;LOGÍSTICO / INDÚSTRIA / GALPÕES;0.0;0.7;INDETERMINADO;GERAL;RENDA;0.63
VGIP11;10.74;89.91;0.97;0.97;11.16;FUNDO DE PAPEL;ATIVA;1% A.A SOBRE PATRIMÔNIO LIQUIDO (MINIMO R$25.000,00 MENSAIS);1100000000.0;OUTROS;0.0;100.0;INDETERMINADO;GERAL;RENDA;0.64
RBRR11;11.31;88.63;0.94;0.94;4.8;FUNDO DE PAPEL;ATIVA;0,2% A.A. SOBRE O PATRIMÔNIO LÍQ. DO FUNDO;1270000000.0;TÍTULOS E VALORES MOBILIÁRIOS;0.0;100.0;INDETERMINADO;GERAL;RENDA;0.65
RECX11;11.14;69.09;0.91;0.91;3.29;FUNDO DE FUNDOS;ATIVA;0,95% A.A SOBRE PATRIMÔNIO LIQUIDO (MINIMO R$15.000,00 MENSAIS);16570000.0;OUTROS;0.0;100.0;INDETERMINADO;GERAL;TÍTULOS E VALORES MOBILIÁRIOS;0.4
MGLG11;3.42;40.99;0.67;0.67;-1.94;FUNDO DE TIJOLO;ATIVA;1,00% A.A SOBRE PATRIMÔNIO LÍQUIDO;116230000.0;LOGÍSTICO / INDÚSTRIA / GALPÕES;3.0;100.0;INDETERMINADO;GERAL;RENDA;0.35
GTWR11;11.1;84.52;0.89;0.89;14.66;FUNDO DE TIJOLO;ATIVA;0,25%A.A. SOBRE PATRIMÔNIO LÍQUIDO OU VALOR DE MERCADO DO FUNDO SE O FUNDO FIZER PARTE DE ÍNDICE DE MERCADO (IFIX);1140000000.0;LAJES CORPORATIVAS;3.0;100.0;INDETERMINADO;GERAL;RENDA;0.79
RFOF11;11.49;75.23;0.9;0.9;9.14;FUNDO DE FUNDOS;ATIVA;0,80% A.A;89370000.0;TÍTULOS E VALORES MOBILIÁRIOS;0.0;100.0;INDETERMINADO;GERAL;TÍTULOS E VALORES MOBILIÁRIOS;0.75
BBFO11;11.06;72.87;0.88;0.88;6.36;FUNDO DE FUNDOS;PASSIVA;0,50% A.A SOBRE PATRIMÔNIO LIQUIDO;331240000.0;TÍTULOS E VALORES MOBILIÁRIOS;0.0;100.0;INDETERMINADO;GERAL;TÍTULOS E VALORES MOBILIÁRIOS;0.61
RVBI11;10.68;84.44;0.97;0.97;17.51;FUNDO DE FUNDOS;ATIVA;0,15% A.A SOBRE PATRIMÔNIO LÍQUIDO (MÍNIMO DE R$20.000,00 MENSAIS);125790000.0;TÍTULOS E VALORES MOBILIÁRIOS;0.0;100.0;INDETERMINADO;GERAL;RENDA;0.75
IRDM11;12.88;79.9;0.91;0.91;-13.64;FUNDO DE PAPEL;ATIVA;0,17% A.A;3190000000.0;TÍTULOS E VALORES MOBILIÁRIOS;0.0;100.0;INDETERMINADO;GERAL;RENDA;0.74
BMLC11;11.05;102.94;0.93;0.93;15.24;FUNDO DE TIJOLO;PASSIVA;0,20% A.A;110630000.0;LAJES CORPORATIVAS;2.0;100.0;INDETERMINADO;GERAL;RENDA;0.76
HCTR11;25.92;29.59;0.26;0.26;-68.44;FUNDO DE PAPEL;ATIVA;0,21% A.A PL;2480000000.0;OUTROS;0.0;100.0;INDETERMINADO;GERAL;HÍBRIDOS;0.17
KNHY11;11.93;102.1;0.99;0.99;20.62;FUNDO DE PAPEL;ATIVA;1,60% A.A;1900000000.0;TÍTULOS E VALORES MOBILIÁRIOS;0.0;100.0;INDETERMINADO;INVESTIDOR QUALIFICADO;TÍTULOS E VALORES MOBILIÁRIOS;0.9
IFRA11;11.67;103.96;0.99;0.99;9.65;INDETERMINADO;0,85%;-;1.08;OUTRO;0.0;0.0;ATIVA;GERAL;FUNDO DE INFRAESTRUTURA (FI-INFRA);0.0
RBED11;10.96;141.56;0.98;0.98;18.93;FUNDO DE TIJOLO;ATIVA;0,37% A.A;339680000.0;OUTROS;7.0;100.0;INDETERMINADO;GERAL;DESENVOLVIMENTO PARA RENDA;1.43
BBPO11;11.22;96.75;0.97;0.97;19.47;FUNDO DE TIJOLO;PASSIVA;0.28;1590000000.0;AGÊNCIAS BANCÁRIAS;64.0;28.0;INDETERMINADO;GERAL;RENDA;0.9
BIME11;12.52;7.37;0.84;0.84;-10.26;OUTRO;ATIVA;1,50% A.A. SOBRE PATRIMÔNIO LÍQUIDO (MÍNIMO R$25.000,00 MENSAIS);51170000.0;HÍBRIDO;2.0;100.0;INDETERMINADO;GERAL;RENDA;0.08
CXCE11B;12.21;40.35;0.62;0.62;11.46;FUNDO DE TIJOLO;PASSIVA;5,0% A.M SOBRE TOTAL DE RECEITAS DO FUNDO (MINIMO R$45.000,00 MENSAIS);111850000.0;LAJES CORPORATIVAS;1.0;100.0;INDETERMINADO;GERAL;RENDA;0.38
BCRI11;14.72;68.99;0.7;0.7;-24.91;FUNDO DE PAPEL;ATIVA;1;611880000.0;TÍTULOS E VALORES MOBILIÁRIOS;0.0;1.0;INDETERMINADO;GERAL;TÍTULOS E VALORES MOBILIÁRIOS;0.7
RZTR11;11.21;100.98;1.04;1.04;9.42;OUTRO;ATIVA;1,25% A.A SOBRE PATRIMÔNIO LIQUIDO;1070000000.0;HÍBRIDO;14.0;100.0;INDETERMINADO;GERAL;RENDA;1.1
XPSF11;11.37;8.08;0.92;0.92;18.38;FUNDO DE FUNDOS;ATIVA;1% A.A SOBRE PATRIMÔNIO LIQUIDO (MINIMO R$25.000,00 MENSAIS);378970000.0;OUTROS;0.0;100.0;INDETERMINADO;GERAL;RENDA;0.08
VRTA11;12.07;87.61;0.94;0.94;3.83;FUNDO DE PAPEL;ATIVA;1,0% A.A SOBRE O PATRIMÔNIO LÍQUIDO (MÍNIMO DE R$ 25.000,00 MENSAIS);1460000000.0;TÍTULOS E VALORES MOBILIÁRIOS;0.0;100.0;INDETERMINADO;GERAL;TÍTULOS E VALORES MOBILIÁRIOS;0.7
DVFF11;10.1;81.95;0.86;0.86;21.25;FUNDO DE FUNDOS;ATIVA;0,15% A.A. SOBRE O PATRIMÔNIO LÍQUIDO (MÍNIMO R$15.000,00 MENSAIS);105180000.0;HÍBRIDO;0.0;100.0;INDETERMINADO;GERAL;TÍTULOS E VALORES MOBILIÁRIOS;0.8
PLOG11;7.72;66.71;0.63;0.63;-7.92;FUNDO DE TIJOLO;ATIVA;0,7% A.A SOBRE PATRIMÔNIO LÍQUIDO (MINIMO R$44.322,87 MENSAIS);79770000.0;LOGÍSTICO / INDÚSTRIA / GALPÕES;1.0;100.0;INDETERMINADO;GERAL;RENDA;0.7
RECR11;12.04;85.97;0.9;0.9;9.81;FUNDO DE PAPEL;ATIVA;0,20%;2540000000.0;TÍTULOS E VALORES MOBILIÁRIOS;0.0;0.2;INDETERMINADO;GERAL;RENDA;0.75
RELG11;6.37;52.0;0.42;0.42;-34.79;FUNDO DE TIJOLO;ATIVA;0,175% A.A SOBRE PATRIMÔNIO LÍQUIDO (MÍNIMO R$15.000,00 MENSAIS);164780000.0;HÍBRIDO;5.0;100.0;INDETERMINADO;GERAL;HÍBRIDOS;0.7
RZAT11;12.48;88.03;0.89;0.89;-2.15;FUNDO DE TIJOLO;ATIVA;1,00% A.A;370790000.0;HÍBRIDO;9.0;100.0;INDETERMINADO;GERAL;RENDA;0.73
CVBI11;12.1;93.46;0.97;0.97;15.38;FUNDO DE PAPEL;ATIVA;0,90% A.A. SOBRE O PATRIMÔNIO LÍQUIDO DO FUNDO;1060000000.0;TÍTULOS E VALORES MOBILIÁRIOS;0.0;100.0;INDETERMINADO;GERAL;TÍTULOS E VALORES MOBILIÁRIOS;0.9
MATV11;5.77;86.63;0.95;0.95;-5.59;OUTRO;ATIVA;1,05% A.A. (MÍNIMO R$25.000,00 MENSAIS);38730000.0;TÍTULOS E VALORES MOBILIÁRIOS;0.0;100.0;INDETERMINADO;INVESTIDOR QUALIFICADO;TÍTULOS E VALORES MOBILIÁRIOS;0.6
SPTW11;12.53;41.01;0.73;0.73;7.53;FUNDO DE TIJOLO;PASSIVA;0,25% A.A. SOBRE O VALOR DE MERCADO;100670000.0;LAJES CORPORATIVAS;1.0;100.0;INDETERMINADO;GERAL;RENDA;0.46
RBVA11;10.83;111.3;1.02;1.02;28.66;FUNDO DE TIJOLO;ATIVA;0,35% A.A;1250000000.0;OUTROS;79.0;100.0;INDETERMINADO;GERAL;DESENVOLVIMENTO PARA RENDA;1.0
BARI11;12.14;83.94;0.87;0.87;0.33;FUNDO DE PAPEL;ATIVA;1,305% A.A SOBRE PATRIMÔNIO LIQUIDO DO FUNDO (MINIMO R$16.500,00 MENSAIS);448120000.0;TÍTULOS E VALORES MOBILIÁRIOS;0.0;100.0;INDETERMINADO;GERAL;TÍTULOS E VALORES MOBILIÁRIOS;0.45
BBRC11;10.93;113.4;1.06;1.06;27.92;FUNDO DE TIJOLO;PASSIVA;0,60% A.A;171800000.0;OUTROS;20.0;100.0;INDETERMINADO;GERAL;DESENVOLVIMENTO PARA RENDA;1.13
IRIM11;13.16;86.75;0.91;0.91;-4.87;FUNDO DE PAPEL;ATIVA;1,03% A.A. SOBRE PATRIMÔNIO LÍQUIDO;181910000.0;HÍBRIDO;0.0;100.0;INDETERMINADO;GERAL;HÍBRIDOS;0.89
FAED11;11.83;155.0;0.72;0.72;14.42;FUNDO DE TIJOLO;PASSIVA;0.3 A.A.;139750000.0;OUTROS;3.0;3.0;INDETERMINADO;GERAL;RENDA;1.5
XPCI11;12.05;87.82;0.92;0.92;13.62;FUNDO DE PAPEL;ATIVA;1,00% A.A SOBRE PATRIMÔNIO LIQUIDO;817960000.0;OUTROS;0.0;100.0;INDETERMINADO;GERAL;HÍBRIDOS;0.95
CPTI11;12.33;101.74;1.02;1.02;17.68;INDETERMINADO;1%;-;1.2;OUTRO;0.0;0.0;ATIVA;GERAL;FUNDO DE INFRAESTRUTURA (FI-INFRA);0.0
CEOC11;14.75;46.6;0.6;0.6;-10.47;FUNDO DE TIJOLO;PASSIVA;0,20% A.A;142060000.0;LAJES CORPORATIVAS;1.0;100.0;INDETERMINADO;GERAL;RENDA;0.43
ALZR11;8.32;115.86;1.09;1.09;7.48;FUNDO DE TIJOLO;ATIVA;0,20% A.A;1050000000.0;LOGÍSTICO / INDÚSTRIA / GALPÕES;15.0;100.0;INDETERMINADO;GERAL;RENDA;0.83
CXCI11;10.45;87.15;0.9;0.9;18.03;ATIVA;-;5.329;0.0;FUNDO DE FUNDOS;0.0;5329.0;;GERAL;OUTROS;0.0
ITIP11;12.12;77.26;1.01;1.01;6.78;FUNDO DE PAPEL;PASSIVA;0,30% A.A. SOBRE PATRIMÔNIO LÍQUIDO;57820000.0;TÍTULOS E VALORES MOBILIÁRIOS;0.0;100.0;INDETERMINADO;GERAL;RENDA;0.67
CXCO11;11.87;79.32;0.8;0.8;14.15;FUNDO DE TIJOLO;ATIVA;0,25% A.A SOBRE PATRIMÔNIO LIQUIDO;389160000.0;LAJES CORPORATIVAS;10.0;100.0;INDETERMINADO;GERAL;RENDA;0.74
DEVA11;22.27;40.22;0.4;0.4;-53.46;FUNDO DE PAPEL;ATIVA;0,70% A.A;1370000000.0;TÍTULOS E VALORES MOBILIÁRIOS;0.0;100.0;INDETERMINADO;GERAL;TÍTULOS E VALORES MOBILIÁRIOS;0.49
ALZM11;11.63;92.89;1.02;1.02;24.64;FUNDO DE FUNDOS;ATIVA;;63310000.0;TÍTULOS E VALORES MOBILIÁRIOS;0.0;100.0;INDETERMINADO;GERAL;TÍTULOS E VALORES MOBILIÁRIOS;0.8
SNCI11;12.36;99.87;1.02;1.02;11.96;OUTRO;ATIVA;0,70% A.A SOBRE PATRIMÔNIO LÍQUIDO;413270000.0;TÍTULOS E VALORES MOBILIÁRIOS;0.0;100.0;INDETERMINADO;GERAL;TÍTULOS E VALORES MOBILIÁRIOS;1.0
BLMG11;15.36;57.48;0.67;0.67;-24.95;FUNDO DE TIJOLO;ATIVA;0,95% A.A SOBRE PATRIMÔNIO LIQUIDO (MINIMO R$25.000,00 MENSAIS);333510000.0;LOGÍSTICO / INDÚSTRIA / GALPÕES;4.0;100.0;INDETERMINADO;GERAL;RENDA;0.68
HOSI11;11.85;66.44;0.71;0.71;9.39;FUNDO DE TIJOLO;ATIVA;0,30% A.A;53000000.0;HÍBRIDO;1.0;100.0;INDETERMINADO;GERAL;HÍBRIDOS;0.45
MXRF11;12.12;10.95;1.1;1.1;21.22;FUNDO DE PAPEL;ATIVA;0,90% A.A (MÍNIMO DE R$ 60 MIL MENSAIS);2590000000.0;HÍBRIDO;3.0;100.0;INDETERMINADO;GERAL;HÍBRIDOS;0.11
SPXS11;12.22;96.84;1.01;1.01;-0.03;OUTRO;ATIVA;0,80%;118730000.0;HÍBRIDO;0.0;0.8;INDETERMINADO;GERAL;HÍBRIDOS;1.17
FPAB11;10.02;204.0;0.54;0.54;15.14;FUNDO DE TIJOLO;PASSIVA;5,0% DAS RECEITAS BRUTAS AUFERIDAS;280610000.0;LAJES CORPORATIVAS;1.0;100.0;INDETERMINADO;GERAL;RENDA;0.9
BLMC11;11.93;82.0;0.83;0.83;5.6;FUNDO DE PAPEL;ATIVA;1,15% A.A SOBRE PATRIMÔNIO LIQUIDO DO FUNDO (MINIMO R$25.000,00 MENSAIS);39340000.0;OUTROS;0.0;100.0;INDETERMINADO;GERAL;RENDA;0.66
JSAF11;11.58;96.78;0.97;0.97;22.2;FUNDO DE PAPEL;ATIVA;1,00% A.A SOBRE PATRIMÔNIO LÍQUIDO;156800000.0;TÍTULOS E VALORES MOBILIÁRIOS;0.0;100.0;INDETERMINADO;GERAL;TÍTULOS E VALORES MOBILIÁRIOS;1.0
OUFF11;12.18;69.91;0.9;0.9;15.84;FUNDO DE FUNDOS;ATIVA;0,35% A.A.;140580000.0;TÍTULOS E VALORES MOBILIÁRIOS;0.0;100.0;INDETERMINADO;GERAL;TÍTULOS E VALORES MOBILIÁRIOS;0.72
HREC11;12.71;84.27;0.9;0.9;2.6;FUNDO DE PAPEL;ATIVA;0,70% A.A SOBRE PATRIMÔNIO LÍQUIDO;482140000.0;TÍTULOS E VALORES MOBILIÁRIOS;0.0;100.0;INDETERMINADO;GERAL;TÍTULOS E VALORES MOBILIÁRIOS;0.85
QAMI11;11.26;83.92;0.91;0.91;14.02;FUNDO DE PAPEL;ATIVA;1,00% A.A SOBRE O PATRIMÔNIO LÍQUIDO (MÍNIMO DE R$ 36.000,00 MENSAIS);75740000.0;HÍBRIDO;0.0;100.0;INDETERMINADO;GERAL;HÍBRIDOS;0.7
BODB11;9.81;9.6;0.99;0.99;13.71;INDETERMINADO;0.9%;-;0.12;OUTRO;0.0;0.0;ATIVA;GERAL;FUNDO DE INFRAESTRUTURA (FI-INFRA);0.0
SEQR11;12.72;59.5;0.64;0.64;2.16;OUTRO;ATIVA;1,24% A.A SOBRE PATRIMÔNIO LIQUIDO (MÍNIMO R$15.000,00 MENSAIS);150210000.0;OUTROS;4.0;100.0;INDETERMINADO;GERAL;RENDA;0.71
AFHI11;13.0;97.77;1.01;1.01;12.27;FUNDO DE PAPEL;ATIVA;1,00% A.A SOBRE PATRIMÔNIO LIQUIDO;320380000.0;TÍTULOS E VALORES MOBILIÁRIOS;0.0;100.0;INDETERMINADO;GERAL;TÍTULOS E VALORES MOBILIÁRIOS;1.05
MCCI11;12.71;93.78;0.99;0.99;9.31;FUNDO DE PAPEL;ATIVA;0,20% AO ANO SOBRE O PATRIMÔNIO LÍQUIDO DO FUNDO;1610000000.0;TÍTULOS E VALORES MOBILIÁRIOS;0.0;100.0;INDETERMINADO;GERAL;RENDA;0.9
HGAG11;27.37;23.51;0.99;0.99;3.14;OUTRO;ATIVA;;5960000.0;FIAGROS;0.0;100.0;INDETERMINADO;GERAL;RENDA;0.15
HSAF11;12.74;83.99;0.9;0.9;13.81;FUNDO DE PAPEL;ATIVA;1,00% A.A;235240000.0;TÍTULOS E VALORES MOBILIÁRIOS;0.0;100.0;INDETERMINADO;GERAL;TÍTULOS E VALORES MOBILIÁRIOS;0.7
GAME11;13.2;9.27;0.93;0.93;10.39;FUNDO DE PAPEL;ATIVA;1,10% A.A.;214810000.0;HÍBRIDO;0.0;100.0;INDETERMINADO;GERAL;HÍBRIDOS;0.1
NAVT11;11.99;87.89;0.93;0.93;22.17;FUNDO DE PAPEL;ATIVA;1,0% A.A SOBRE O PATRIMÔNIO LÍQUIDO (MÍNIMO DE R$ 20.000,00 MENSAIS);99840000.0;TÍTULOS E VALORES MOBILIÁRIOS;0.0;100.0;INDETERMINADO;GERAL;RENDA;1.0
AIEC11;14.41;62.67;0.67;0.67;-21.05;FUNDO DE TIJOLO;ATIVA;0,75% A.A;457360000.0;LAJES CORPORATIVAS;2.0;100.0;INDETERMINADO;GERAL;RENDA;0.76
HTMX11;12.27;146.08;1.06;1.06;39.82;FUNDO DE TIJOLO;ATIVA;0,50% A.A;204610000.0;HOTÉIS;23.0;100.0;INDETERMINADO;GERAL;RENDA;2.85
APTO11;12.31;9.91;0.96;0.96;25.66;FUNDO DE TIJOLO;ATIVA;1,35% A.A. SOBRE PATRIMÔNIO LÍQUIDO;41680000.0;HÍBRIDO;6.0;100.0;INDETERMINADO;GERAL;HÍBRIDOS;0.1
FLCR11;13.41;96.0;0.98;0.98;16.27;FUNDO DE PAPEL;ATIVA;1,0% A.A SOBRE O PATRIMÔNIO LÍQUIDO (MÍNIMO DE R$ 20.000,00 MENSAIS);62670000.0;TÍTULOS E VALORES MOBILIÁRIOS;0.0;100.0;INDETERMINADO;INVESTIDOR QUALIFICADO;TÍTULOS E VALORES MOBILIÁRIOS;1.0
VGHF11;13.31;9.54;1.01;1.01;13.17;FUNDO DE PAPEL;ATIVA;0,90% A.A SOBRE PATRIMÔNIO LIQUIDO (MINIMO R$10.000,00 MENSAIS);686850000.0;TÍTULOS E VALORES MOBILIÁRIOS;0.0;100.0;INDETERMINADO;GERAL;TÍTULOS E VALORES MOBILIÁRIOS;0.1
MANA11;14.06;9.51;0.97;0.97;6.17;OUTRO;ATIVA;1,00% A.A.;209670000.0;TÍTULOS E VALORES MOBILIÁRIOS;0.0;100.0;INDETERMINADO;GERAL;TÍTULOS E VALORES MOBILIÁRIOS;0.1
PORD11;13.45;89.1;0.91;0.91;6.84;FUNDO DE PAPEL;ATIVA;0.9% A.A.;365310000.0;TÍTULOS E VALORES MOBILIÁRIOS;0.0;100.0;INDETERMINADO;GERAL;TÍTULOS E VALORES MOBILIÁRIOS;1.0
BTCR11;1.02;88.0;0.97;0.97;-5.57;FUNDO DE PAPEL;ATIVA;0,20% A.A SOBRE PATRIMÔNIO LIQUIDO;1000000000.0;TÍTULOS E VALORES MOBILIÁRIOS;0.0;100.0;INDETERMINADO;GERAL;RENDA;0.9
JURO11;11.77;106.14;1.03;1.03;13.7;INDETERMINADO;1%;-;1.5;OUTRO;0.0;0.0;ATIVA;GERAL;FUNDO DE INFRAESTRUTURA (FI-INFRA);0.0
MCHF11;13.25;9.14;0.95;0.95;13.14;FUNDO DE FUNDOS;ATIVA;0,95% A.A.;309380000.0;TÍTULOS E VALORES MOBILIÁRIOS;0.0;100.0;INDETERMINADO;GERAL;TÍTULOS E VALORES MOBILIÁRIOS;0.09
IBCR11;13.57;80.1;0.83;0.83;2.3;FUNDO DE PAPEL;ATIVA;1,00% A.A SOBRE PATRIMÔNIO LÍQUIDO (MÍNIMO R$75.000,00 MENSAIS);92360000.0;TÍTULOS E VALORES MOBILIÁRIOS;0.0;100.0;INDETERMINADO;GERAL;TÍTULOS E VALORES MOBILIÁRIOS;0.98
HGCR11;13.31;105.41;1.03;1.03;18.21;FUNDO DE PAPEL;ATIVA;0,80% A.A;1590000000.0;TÍTULOS E VALORES MOBILIÁRIOS;0.0;100.0;INDETERMINADO;GERAL;TÍTULOS E VALORES MOBILIÁRIOS;1.1
BTAG11;11.12;96.13;0.94;0.94;7.62;INDETERMINADO;0,25% A.A;-%;1.28;OUTRO;0.0;100.0;ATIVA;GERAL;FIAGROS;0.0
HCHG11;14.79;76.0;0.78;0.78;1.03;FUNDO DE PAPEL;ATIVA;0,20% A.A. SOBRE PATRIMÔNIO LÍQUIDO;116500000.0;OUTROS;0.0;100.0;INDETERMINADO;GERAL;TÍTULOS E VALORES MOBILIÁRIOS;0.55
KNCR11;13.65;100.14;0.99;0.99;14.38;FUNDO DE PAPEL;ATIVA;1,00 % A.A;5760000000.0;TÍTULOS E VALORES MOBILIÁRIOS;0.0;100.0;INDETERMINADO;GERAL;TÍTULOS E VALORES MOBILIÁRIOS;1.1
MFII11;14.19;92.95;0.93;0.93;10.31;FUNDO DE TIJOLO;ATIVA;2,0% A.A SOBRE PATRIMÔNIO LÍQUIDO (MÍNIMO DE R$30.000,00 MENSAIS);441300000.0;HÍBRIDO;9.0;100.0;INDETERMINADO;GERAL;HÍBRIDOS;1.08
RRCI11;14.13;82.17;0.89;0.89;11.17;FUNDO DE PAPEL;ATIVA;1,0% A.A SOBRE O PATRIMÔNIO LÍQUIDO (MÍNIMO R$ 15.000,00 MENSAIS);44600000.0;TÍTULOS E VALORES MOBILIÁRIOS;0.0;100.0;INDETERMINADO;GERAL;RENDA;0.95
RURA11;13.83;10.55;1.05;1.05;18.65;OUTRO;ATIVA;;1460000000.0;FIAGROS;0.0;100.0;INDETERMINADO;GERAL;TÍTULOS E VALORES MOBILIÁRIOS;0.12
SADI11;14.42;85.17;0.89;0.89;8.3;FUNDO DE PAPEL;ATIVA;1,00% A.A;148670000.0;TÍTULOS E VALORES MOBILIÁRIOS;0.0;100.0;INDETERMINADO;GERAL;TÍTULOS E VALORES MOBILIÁRIOS;1.0
TGAR11;13.59;122.83;1.05;1.05;12.62;FUNDO DE TIJOLO;ATIVA;1,50% A.A;1600000000.0;OUTROS;0.0;100.0;INDETERMINADO;GERAL;HÍBRIDOS;1.43
BBFI11B;23.18;950.43;0.44;0.44;-43.34;FUNDO DE TIJOLO;PASSIVA;3% A.M SOBRE RECEITA (MINIMO R$36.000,00 MENSAIS);279200000.0;LAJES CORPORATIVAS;2.0;100.0;INDETERMINADO;GERAL;RENDA;7.59
VOTS11;13.63;83.15;0.89;0.89;-5.05;FUNDO DE PAPEL;ATIVA;1,00% A.A;77720000.0;TÍTULOS E VALORES MOBILIÁRIOS;0.0;100.0;INDETERMINADO;GERAL;TÍTULOS E VALORES MOBILIÁRIOS;0.77
RBRY11;13.78;100.39;1.02;1.02;13.61;FUNDO DE PAPEL;ATIVA;0,20% A.A SOBRE PATRIMÔNIO LIQUIDO DO FUNDO (MINIMO R$20.000,00 MENSAIS);546630000.0;TÍTULOS E VALORES MOBILIÁRIOS;0.0;100.0;INDETERMINADO;GERAL;RENDA;1.2
GCRI11;14.41;88.63;0.94;0.94;8.65;FUNDO DE PAPEL;ATIVA;1,00% A.A SOBRE PATRIMÔNIO LÍQUIDO (MÍNIMO R$20.000,00 MENSAIS);137240000.0;TÍTULOS E VALORES MOBILIÁRIOS;0.0;100.0;INDETERMINADO;GERAL;TÍTULOS E VALORES MOBILIÁRIOS;0.95
CYCR11;13.11;9.4;0.95;0.95;27.52;FUNDO DE PAPEL;ATIVA;1,00% A.A SOBRE PATRIMÔNIO LÍQUIDO (MÍNIMO R$20.000,00 MENSAIS);160380000.0;OUTROS;0.0;100.0;INDETERMINADO;GERAL;TÍTULOS E VALORES MOBILIÁRIOS;0.1
MORC11;14.4;92.31;0.94;0.94;12.65;FUNDO DE PAPEL;ATIVA;0,95% A.A.;187680000.0;TÍTULOS E VALORES MOBILIÁRIOS;0.0;100.0;INDETERMINADO;GERAL;TÍTULOS E VALORES MOBILIÁRIOS;1.24
MGHT11;15.14;57.55;0.67;0.67;-2.37;FUNDO DE TIJOLO;ATIVA;0,85% A.A;112970000.0;HOTÉIS;1.0;100.0;INDETERMINADO;INVESTIDOR QUALIFICADO;RENDA;0.6
WSEC11;12.83;85.93;0.86;0.86;3.26;FUNDO DE PAPEL;ATIVA;1,00% A.A.;24680000.0;TÍTULOS E VALORES MOBILIÁRIOS;0.0;100.0;INDETERMINADO;INVESTIDOR QUALIFICADO;TÍTULOS E VALORES MOBILIÁRIOS;0.95
PLCR11;13.4;90.19;0.98;0.98;22.34;FUNDO DE PAPEL;ATIVA;1,20% A.A;195240000.0;HÍBRIDO;0.0;100.0;INDETERMINADO;GERAL;HÍBRIDOS;0.9
HCRI11;10.51;291.51;0.96;0.96;49.01;FUNDO DE TIJOLO;PASSIVA;2,0% A.M;61650000.0;HOSPITALAR;1.0;100.0;INDETERMINADO;GERAL;RENDA;2.69
PLCA11;14.88;88.4;0.94;0.94;6.51;OUTRO;ATIVA;;52860000.0;FIAGROS;0.0;100.0;INDETERMINADO;GERAL;TÍTULOS E VALORES MOBILIÁRIOS;1.1
BROF11;4.44;66.72;0.63;0.63;10.09;FUNDO DE TIJOLO;ATIVA;;1230000000.0;LAJES CORPORATIVAS;0.0;100.0;INDETERMINADO;GERAL;RENDA;0.54
KNCA11;14.46;105.41;1.02;1.02;14.98;OUTRO;ATIVA;;2230000000.0;FIAGROS;0.0;100.0;INDETERMINADO;GERAL;TÍTULOS E VALORES MOBILIÁRIOS;1.1
SNAG11;14.81;10.27;1.01;1.01;17.76;OUTRO;ATIVA;;302840000.0;FIAGROS;0.0;100.0;INDETERMINADO;GERAL;HÍBRIDOS;0.1
RINV11;4.29;110.5;1.14;1.14;16.32;OUTRO;ATIVA;1,00% A.A.;29100000.0;TÍTULOS E VALORES MOBILIÁRIOS;0.0;100.0;INDETERMINADO;GERAL;TÍTULOS E VALORES MOBILIÁRIOS;1.2
LIFE11;15.93;9.93;1.0;1.0;13.57;OUTRO;ATIVA;;226020000.0;OUTROS;0.0;100.0;INDETERMINADO;GERAL;HÍBRIDOS;0.12
BNFS11;14.53;121.35;1.33;1.33;14.56;FUNDO DE TIJOLO;ATIVA;0,4% A.A SOBRE PATRIMÔNIO LIQUIDO (MÍNIMO R$20.000,00 MENSAIS);64220000.0;OUTROS;18.0;100.0;INDETERMINADO;GERAL;DESENVOLVIMENTO PARA RENDA;1.41
RPRI11;13.93;98.83;0.97;0.97;6.44;FUNDO DE PAPEL;ATIVA;1,60%;228350000.0;HÍBRIDO;0.0;1.6;INDETERMINADO;GERAL;TÍTULOS E VALORES MOBILIÁRIOS;0.8
HABT11;15.11;89.22;0.91;0.91;9.52;FUNDO DE PAPEL;ATIVA;0,20% A.A.;806360000.0;TÍTULOS E VALORES MOBILIÁRIOS;0.0;100.0;INDETERMINADO;GERAL;RENDA;1.0
BBGO11;13.89;91.35;0.93;0.93;24.76;OUTRO;ATIVA;;389810000.0;FIAGROS;0.0;100.0;INDETERMINADO;GERAL;TÍTULOS E VALORES MOBILIÁRIOS;0.75
PEMA11;17.34;43.27;0.59;0.59;-11.84;FUNDO DE PAPEL;ATIVA;0,10% A.A. SOBRE PATRIMÔNIO LÍQUIDO;40150000.0;OUTROS;0.0;100.0;INDETERMINADO;INVESTIDOR QUALIFICADO;TÍTULOS E VALORES MOBILIÁRIOS;0.68
OURE11;15.1;77.6;0.84;0.84;7.52;FUNDO DE PAPEL;ATIVA;1,05% A.A SOBRE PATRIMÔNIO LÍQUIDO;99470000.0;HÍBRIDO;6.0;100.0;INDETERMINADO;GERAL;HÍBRIDOS;0.8
